"","PLOT","INVYR","COUNTYCD","SUBP","TREE","SPCD","DIA","HT"
"120214",90006,1982,3,101,2,121,7,51
"120215",90006,1982,3,101,3,121,10.9,55
"120216",90006,1982,3,102,1,121,7.3,51
"120217",90006,1982,3,102,2,121,5.9,44
"120218",90006,1982,3,102,4,121,10.6,52
"120219",90006,1982,3,104,1,121,8.4,54
"120368",90033,1982,3,101,1,121,15.8,73
"120483",90043,1982,3,101,1,121,9.3,65
"120485",90043,1982,3,101,3,121,12.1,65
"120487",90043,1982,3,102,2,121,5.1,47
"120488",90043,1982,3,104,1,121,13.7,59
"120497",90044,1982,3,104,2,121,9.5,61
"120578",90048,1982,3,101,1,121,10.9,79
"120580",90048,1982,3,101,3,121,15.9,84
"120581",90048,1982,3,102,1,121,13.7,82
"120586",90048,1982,3,104,2,121,12.7,71
"120587",90048,1982,3,105,1,121,12.5,80
"120618",90054,1982,3,101,1,121,15.2,70
"120620",90054,1982,3,102,1,121,13.4,55
"120621",90054,1982,3,102,2,121,15.3,67
"120623",90054,1982,3,104,1,121,13.9,70
"120624",90054,1982,3,104,2,121,13.6,72
"120625",90054,1982,3,105,1,121,13.7,68
"120628",90056,1982,3,104,1,121,6.4,35
"120629",90056,1982,3,105,1,121,9,45
"120633",90057,1982,3,101,4,121,7.6,31
"120640",90057,1982,3,105,3,121,8.6,41
"120642",90059,1982,3,103,1,121,12.5,42
"120643",90059,1982,3,103,2,121,6.6,38
"120644",90059,1982,3,104,1,121,6.4,42
"120645",90059,1982,3,104,2,121,9.3,45
"120647",90059,1982,3,104,3,121,5.9,40
"120695",90071,1982,3,102,1,121,5.1,35
"120702",90071,1982,3,104,1,121,9.9,55
"120703",90071,1982,3,105,1,121,7.2,35
"120704",90072,1982,3,101,1,121,9.2,75
"120709",90072,1982,3,103,1,121,16.9,84
"120710",90072,1982,3,103,2,121,11.8,77
"120713",90072,1982,3,104,1,121,7.2,65
"120733",90075,1982,3,103,1,121,11.5,70
"120736",90075,1982,3,103,2,121,17.8,73
"120763",90077,1982,3,101,1,121,13.1,82
"120765",90077,1982,3,102,1,121,10,73
"120767",90077,1982,3,103,1,121,14.5,91
"120781",90077,1982,3,105,1,121,11.6,83
"120782",90077,1982,3,105,2,121,14.6,87
"120783",90077,1982,3,105,3,121,12.6,87
"120803",90078,1982,3,104,2,121,6.7,62
"120809",90079,1982,3,101,1,121,13.8,84
"120812",90079,1982,3,103,1,121,11.6,69
"120816",90079,1982,3,104,1,121,6.5,45
"120817",90079,1982,3,104,2,121,15.8,66
"120865",90082,1982,3,101,4,121,10.2,67
"120871",90082,1982,3,102,3,121,9,57
"120877",90083,1982,3,102,1,121,14.1,86
"120887",90083,1982,3,103,1,121,11.2,86
"120890",90083,1982,3,105,1,121,11.6,84
"120891",90083,1982,3,105,2,121,14.8,88
"120892",90083,1982,3,105,3,121,12.6,87
"121021",90090,1982,3,101,1,121,8.5,58
"121024",90090,1982,3,102,1,121,13.1,85
"121025",90090,1982,3,102,2,121,13.1,82
"121029",90090,1982,3,102,6,121,10.4,78
"121046",90091,1982,3,101,2,121,8.9,64
"121047",90091,1982,3,101,3,121,8.6,73
"121048",90091,1982,3,101,4,121,7.4,64
"121049",90091,1982,3,104,1,121,11.7,78
"121051",90091,1982,3,105,1,121,10.5,72
"121052",90091,1982,3,105,2,121,8.5,58
"121053",90091,1982,3,105,3,121,12.2,77
"121054",90091,1982,3,105,4,121,9.9,72
"121055",90091,1982,3,105,5,121,7.6,59
"121062",90092,1982,3,103,1,121,6.8,45
"121063",90092,1982,3,103,2,121,12.1,65
"121064",90092,1982,3,103,3,121,12,68
"121086",90093,1982,3,105,1,121,15.4,75
"121087",90093,1982,3,105,2,121,14.6,72
"121091",90095,1982,3,103,1,121,15,57
"121117",90109,1982,3,101,4,121,10.9,50
"121120",90109,1982,3,102,1,121,9.8,50
"121126",90109,1982,3,103,1,121,9.4,48
"121129",90109,1982,3,104,1,121,13.4,59
"121130",90109,1982,3,104,2,121,9.5,47
"121131",90109,1982,3,105,1,121,9.9,43
"121134",90110,1982,3,101,1,121,11.3,56
"121137",90110,1982,3,104,1,121,14.4,69
"121139",90110,1982,3,104,3,121,9.9,61
"121140",90110,1982,3,105,1,121,12.5,65
"121162",90114,1982,3,102,1,121,5.7,23
"121164",90114,1982,3,102,2,121,11.1,67
"121165",90114,1982,3,102,3,121,10,56
"121166",90114,1982,3,102,4,121,9.6,59
"121172",90114,1982,3,104,1,121,7.6,60
"121173",90114,1982,3,105,1,121,12.1,63
"121218",90118,1982,3,105,1,121,12.3,60
"121219",90118,1982,3,105,2,121,7.7,45
"121236",90120,1982,3,101,1,121,12,75
"121248",90120,1982,3,105,2,121,13.8,90
"121308",90123,1982,3,105,6,121,6.2,54
"121375",90128,1982,3,102,5,121,17,79
"121452",90132,1982,3,104,1,121,8.7,62
"121485",90135,1982,3,101,2,121,12.4,62
"121488",90135,1982,3,102,1,121,7.7,40
"121504",90136,1982,3,101,2,121,6.2,42
"121518",90137,1982,3,102,1,121,12.2,75
"121519",90137,1982,3,102,2,121,14.1,68
"121520",90137,1982,3,102,3,121,8.7,53
"121521",90137,1982,3,102,4,121,9,43
"121522",90137,1982,3,102,5,121,6.6,65
"121523",90137,1982,3,102,6,121,10.1,71
"121525",90137,1982,3,103,1,121,13,73
"121526",90137,1982,3,103,2,121,10.9,63
"121533",90137,1982,3,104,1,121,12.8,63
"121534",90137,1982,3,104,2,121,11.3,62
"121537",90137,1982,3,105,3,121,13.4,65
"121538",90137,1982,3,105,4,121,12.5,55
"121650",90150,1982,3,104,1,121,8.7,56
"121686",90153,1982,3,101,4,121,10.8,65
"121689",90153,1982,3,102,1,121,5.6,55
"122041",90178,1982,3,105,3,121,18,63
"122042",90179,1982,3,101,1,121,9.7,58
"122043",90179,1982,3,101,2,121,10.3,60
"122047",90179,1982,3,102,1,121,11.7,59
"122048",90179,1982,3,102,2,121,14.6,60
"122049",90179,1982,3,102,3,121,11.2,54
"122050",90179,1982,3,102,4,121,8.4,55
"122053",90179,1982,3,103,2,121,14,46
"122056",90179,1982,3,104,1,121,11.1,50
"122058",90179,1982,3,105,1,121,5.9,50
"122072",90183,1982,3,104,2,121,5.5,34
"122120",90186,1982,3,103,1,121,5.5,45
"122140",90188,1982,3,102,1,121,6.2,49
"122142",90188,1982,3,103,1,121,9.7,56
"122143",90188,1982,3,103,2,121,9.2,58
"122144",90188,1982,3,104,3,121,10.3,54
"122146",90188,1982,3,104,1,121,9.6,55
"122147",90188,1982,3,104,2,121,7.6,46
"200063",90006,1990,3,101,2,121,8,58
"200064",90006,1990,3,101,3,121,12.5,60
"200065",90006,1990,3,102,1,121,8.1,57
"200066",90006,1990,3,102,2,121,6,47
"200067",90006,1990,3,102,3,121,11.7,59
"200068",90006,1990,3,104,1,121,8.9,53
"200072",90006,1990,3,106,1,121,8.3,65
"200073",90006,1990,3,106,2,121,9,59
"200074",90006,1990,3,107,1,121,9.8,56
"200075",90006,1990,3,108,3,121,5.9,48
"200076",90006,1990,3,107,2,121,10.9,59
"200077",90006,1990,3,108,1,121,10.6,47
"200078",90006,1990,3,108,2,121,10.3,60
"200079",90006,1990,3,109,1,121,9.4,55
"200082",90006,1990,3,110,1,121,5.8,25
"200501",90042,1990,3,102,1,121,13.9,80
"200506",90042,1990,3,108,1,121,13.3,66
"200507",90042,1990,3,103,1,121,11.7,73
"200510",90042,1990,3,109,1,121,12.2,70
"200515",90042,1990,3,110,1,121,12.1,75
"200516",90043,1990,3,101,1,121,10.5,74
"200518",90043,1990,3,101,3,121,13.7,80
"200519",90043,1990,3,101,4,121,7.8,61
"200520",90043,1990,3,102,1,121,6.5,65
"200521",90043,1990,3,102,2,121,6.9,65
"200522",90043,1990,3,102,3,121,15.3,76
"200523",90043,1990,3,102,4,121,5.9,62
"200524",90043,1990,3,104,1,121,14.4,69
"200526",90043,1990,3,105,1,121,12.3,77
"200527",90043,1990,3,105,2,121,8.6,73
"200528",90043,1990,3,106,1,121,13.8,74
"200529",90043,1990,3,106,2,121,10.1,70
"200530",90043,1990,3,107,1,121,10.2,71
"200535",90043,1990,3,108,1,121,18,87
"200536",90043,1990,3,108,2,121,12.6,72
"200537",90043,1990,3,108,3,121,14,73
"200538",90043,1990,3,109,1,121,12.6,73
"200539",90043,1990,3,109,2,121,13.3,72
"200552",90044,1990,3,104,2,121,11.6,73
"200662",90048,1990,3,101,1,121,12.1,85
"200664",90048,1990,3,102,1,121,10.2,82
"200665",90048,1990,3,102,2,121,12.9,92
"200666",90048,1990,3,104,1,121,13.5,86
"200667",90048,1990,3,105,1,121,13.4,86
"200668",90048,1990,3,108,1,121,13.3,94
"200669",90048,1990,3,108,2,121,11.1,92
"200670",90048,1990,3,109,1,121,10.3,94
"200671",90048,1990,3,109,2,121,13.9,92
"200720",90054,1990,3,106,1,121,15.6,87
"200721",90054,1990,3,107,1,121,16.9,88
"200722",90054,1990,3,108,1,121,15.9,82
"200723",90054,1990,3,109,1,121,18.4,78
"200730",90057,1990,3,101,2,121,9.5,43
"200748",90057,1990,3,105,3,121,10.2,48
"200768",90059,1990,3,102,2,121,13.3,37
"200770",90059,1990,3,103,1,121,13.2,46
"200771",90059,1990,3,103,2,121,7.3,45
"200772",90059,1990,3,104,1,121,7,50
"200773",90059,1990,3,104,2,121,10,50
"200774",90059,1990,3,104,3,121,6.4,45
"200775",90059,1990,3,105,1,121,5.2,23
"200776",90059,1990,3,105,2,121,6.3,41
"200777",90059,1990,3,106,1,121,10.3,53
"200779",90059,1990,3,107,1,121,5.1,36
"200887",90071,1990,3,102,1,121,7.8,57
"200893",90071,1990,3,103,5,121,5.5,46
"200894",90071,1990,3,103,6,121,6.2,45
"200896",90071,1990,3,104,1,121,12.5,65
"200897",90071,1990,3,105,1,121,11.7,52
"200898",90071,1990,3,106,1,121,5,47
"200899",90071,1990,3,106,2,121,7.3,25
"200900",90071,1990,3,107,1,121,7.1,51
"200901",90071,1990,3,109,1,121,7.6,52
"200902",90071,1990,3,109,2,121,5.9,46
"200903",90071,1990,3,110,1,121,6.2,48
"200932",90075,1990,3,101,2,121,12.6,82
"200944",90075,1990,3,104,2,121,11.5,68
"200948",90075,1990,3,106,1,121,12.4,69
"200949",90075,1990,3,106,2,121,14.6,78
"201007",90077,1990,3,109,1,121,15.3,76
"201022",90078,1990,3,104,1,121,7.8,67
"201027",90078,1990,3,105,3,121,9.6,63
"201029",90078,1990,3,106,2,121,10.2,71
"201030",90078,1990,3,107,1,121,8.2,68
"201031",90078,1990,3,107,2,121,10.1,64
"201032",90078,1990,3,108,1,121,11.4,74
"201033",90078,1990,3,108,2,121,15.7,71
"201159",90082,1990,3,101,2,121,11.9,80
"201162",90082,1990,3,102,1,121,11.7,74
"201165",90082,1990,3,103,1,121,14.8,88
"201166",90082,1990,3,103,2,121,16.2,83
"201177",90082,1990,3,106,2,121,15.4,89
"201179",90082,1990,3,106,4,121,11.8,79
"201180",90082,1990,3,107,1,121,9.6,79
"201182",90082,1990,3,108,1,121,10.5,83
"201183",90082,1990,3,108,2,121,12.7,79
"201184",90082,1990,3,108,3,121,11,79
"201185",90082,1990,3,108,4,121,9.4,75
"201186",90082,1990,3,109,1,121,11.3,83
"201305",90086,1990,3,103,10,121,8,64
"201321",90087,1990,3,108,1,121,11.8,61
"201322",90087,1990,3,108,2,121,11.4,75
"201401",90090,1990,3,101,1,121,11.4,63
"201404",90090,1990,3,102,1,121,14.2,87
"201406",90090,1990,3,102,2,121,14.6,83
"201409",90090,1990,3,102,6,121,11.8,76
"201434",90091,1990,3,101,1,121,10,69
"201435",90091,1990,3,101,2,121,10,79
"201436",90091,1990,3,101,3,121,9.2,73
"201437",90091,1990,3,101,4,121,10.8,77
"201438",90091,1990,3,102,1,121,14.7,75
"201439",90091,1990,3,104,1,121,13.5,79
"201440",90091,1990,3,105,1,121,11.2,74
"201441",90091,1990,3,105,2,121,8.7,59
"201442",90091,1990,3,105,3,121,13.3,86
"201443",90091,1990,3,106,1,121,14.3,76
"201444",90091,1990,3,107,1,121,14.6,85
"201445",90091,1990,3,107,3,121,12.8,82
"201446",90091,1990,3,105,4,121,11.1,86
"201447",90091,1990,3,105,5,121,7.9,64
"201448",90091,1990,3,107,2,121,11.1,74
"201449",90091,1990,3,108,1,121,9.3,66
"201450",90091,1990,3,108,2,121,12.5,74
"201451",90091,1990,3,108,3,121,8.9,65
"201452",90091,1990,3,109,1,121,12.6,86
"201453",90091,1990,3,109,2,121,9.3,70
"201454",90091,1990,3,109,3,121,11.8,85
"201466",90092,1990,3,103,1,121,7.9,45
"201467",90092,1990,3,103,2,121,13.1,72
"201468",90092,1990,3,103,3,121,13,73
"201470",90092,1990,3,104,1,121,12.3,69
"201482",90092,1990,3,109,2,121,9.8,71
"201487",90092,1990,3,110,1,121,8.5,61
"201488",90092,1990,3,110,2,121,13.6,64
"201517",90095,1990,3,103,1,121,17.4,80
"201518",90095,1990,3,104,1,121,11.3,54
"201533",90095,1990,3,110,1,121,11,69
"201555",90109,1990,3,101,3,121,12.5,62
"201556",90109,1990,3,101,4,121,12.6,63
"201557",90109,1990,3,102,1,121,11,59
"201563",90109,1990,3,103,1,121,10.3,57
"201566",90109,1990,3,104,1,121,14.5,69
"201567",90109,1990,3,104,2,121,11,57
"201568",90109,1990,3,104,3,121,13.7,66
"201569",90109,1990,3,105,1,121,10.1,49
"201571",90109,1990,3,106,1,121,11.8,60
"201572",90109,1990,3,106,2,121,11.5,57
"201573",90109,1990,3,106,3,121,11.7,65
"201574",90109,1990,3,108,2,121,11.1,64
"201575",90109,1990,3,107,1,121,10.9,52
"201577",90109,1990,3,108,1,121,12.3,67
"201578",90109,1990,3,109,1,121,13.2,70
"201580",90109,1990,3,110,1,121,13.9,57
"201581",90109,1990,3,110,2,121,11.4,67
"201582",90110,1990,3,101,1,121,12.5,69
"201586",90110,1990,3,104,1,121,15.2,74
"201588",90110,1990,3,105,1,121,14.2,76
"201640",90114,1990,3,101,5,121,13,68
"201641",90114,1990,3,102,1,121,6,25
"201642",90114,1990,3,102,2,121,12.1,65
"201643",90114,1990,3,102,3,121,11.3,65
"201644",90114,1990,3,102,4,121,10.5,60
"201653",90114,1990,3,104,1,121,9.5,70
"201654",90114,1990,3,104,2,121,9.1,70
"201655",90114,1990,3,105,1,121,12.8,70
"201657",90114,1990,3,106,1,121,13.3,72
"201663",90114,1990,3,108,1,121,15.6,67
"201664",90114,1990,3,108,2,121,11.2,60
"201668",90114,1990,3,110,1,121,14.7,70
"201717",90118,1990,3,105,1,121,12.7,61
"201718",90118,1990,3,105,2,121,8.4,53
"201720",90118,1990,3,110,1,121,9.1,54
"201721",90118,1990,3,110,2,121,13.1,58
"201758",90119,1990,3,110,2,121,5.6,43
"201759",90120,1990,3,101,1,121,13.5,75
"201760",90120,1990,3,101,2,121,10.5,80
"201761",90120,1990,3,101,3,121,9.1,75
"201777",90120,1990,3,105,2,121,15.6,84
"201832",90121,1990,3,109,4,121,11.5,83
"201833",90121,1990,3,109,1,121,13.8,90
"201834",90121,1990,3,109,2,121,11.3,74
"201835",90121,1990,3,109,3,121,12.3,85
"201872",90123,1990,3,105,6,121,7.8,62
"201878",90123,1990,3,107,1,121,7.7,59
"202043",90128,1990,3,108,1,121,16,81
"202048",90128,1990,3,110,1,121,15.1,64
"202059",90129,1990,3,106,1,121,13,78
"202060",90129,1990,3,106,2,121,5.4,62
"202062",90129,1990,3,106,4,121,11.8,79
"202064",90129,1990,3,106,6,121,12.2,85
"202065",90129,1990,3,107,1,121,9.5,69
"202071",90129,1990,3,109,1,121,15.5,78
"202158",90132,1990,3,101,2,121,5.9,42
"202160",90132,1990,3,101,4,121,7.3,49
"202161",90132,1990,3,101,5,121,5.6,44
"202164",90132,1990,3,104,1,121,11.1,68
"202165",90132,1990,3,104,2,121,10,70
"202168",90132,1990,3,106,2,121,10.7,70
"202172",90132,1990,3,106,3,121,8.5,63
"202181",90132,1990,3,109,4,121,7.7,53
"202182",90132,1990,3,110,1,121,9.4,53
"202241",90135,1990,3,101,1,121,13.9,66
"202243",90135,1990,3,101,3,121,6.9,46
"202247",90135,1990,3,102,1,121,9.7,50
"202249",90135,1990,3,102,3,121,7.7,48
"202258",90135,1990,3,104,1,121,7,46
"202263",90135,1990,3,106,1,121,5.6,45
"202266",90135,1990,3,107,1,121,10.1,53
"202271",90135,1990,3,109,1,121,10.5,57
"202455",90148,1990,3,106,1,121,13.3,70
"202456",90148,1990,3,106,2,121,17.4,67
"202457",90148,1990,3,107,1,121,9,57
"202458",90148,1990,3,107,2,121,12.3,87
"202477",90150,1990,3,104,1,121,10.7,64
"202487",90150,1990,3,108,2,121,15.1,71
"202545",90153,1990,3,101,4,121,14.3,77
"202547",90153,1990,3,102,1,121,6.5,62
"202554",90153,1990,3,104,2,121,9.8,70
"202567",90153,1990,3,108,1,121,13.6,62
"202571",90153,1990,3,110,1,121,13.1,65
"203178",90178,1990,3,105,3,121,18.7,68
"203186",90179,1990,3,101,1,121,10,61
"203187",90179,1990,3,101,2,121,11,67
"203191",90179,1990,3,102,1,121,12.1,60
"203192",90179,1990,3,102,2,121,15.8,65
"203193",90179,1990,3,102,3,121,12.1,59
"203194",90179,1990,3,102,4,121,9.6,61
"203197",90179,1990,3,103,2,121,15,52
"203201",90179,1990,3,104,1,121,11.9,54
"203207",90179,1990,3,106,1,121,8.1,60
"203208",90179,1990,3,106,3,121,8.5,62
"203209",90179,1990,3,105,1,121,7.6,58
"203210",90179,1990,3,105,2,121,9,61
"203212",90179,1990,3,107,1,121,12,60
"203213",90179,1990,3,107,2,121,12,57
"203215",90179,1990,3,108,2,121,6.5,52
"203216",90179,1990,3,108,3,121,11.6,59
"203217",90179,1990,3,109,1,121,10.6,52
"203218",90179,1990,3,109,2,121,9.4,60
"203219",90179,1990,3,110,1,121,7.7,58
"203220",90179,1990,3,110,2,121,11,62
"203221",90179,1990,3,110,3,121,14.2,63
"203276",90182,1990,3,110,1,121,10.4,45
"203339",90186,1990,3,103,1,121,6.7,60
"203340",90186,1990,3,102,10,121,9.6,64
"203349",90186,1990,3,104,2,121,7.3,54
"203355",90186,1990,3,106,1,121,9.6,65
"203356",90186,1990,3,106,2,121,10.5,72
"203357",90186,1990,3,106,3,121,10,66
"203358",90186,1990,3,107,1,121,8.4,56
"203360",90186,1990,3,108,1,121,6.5,59
"203361",90186,1990,3,108,2,121,8.2,68
"203363",90186,1990,3,110,1,121,8.1,61
"203364",90186,1990,3,110,2,121,10,63
"203365",90186,1990,3,110,3,121,9.1,70
"203367",90187,1990,3,101,2,121,10.8,59
"203372",90187,1990,3,103,1,121,7.5,48
"203378",90187,1990,3,105,1,121,10.9,65
"203381",90187,1990,3,107,1,121,6.4,50
"203383",90187,1990,3,106,1,121,9.6,62
"203388",90187,1990,3,109,1,121,9.2,62
"203389",90187,1990,3,109,2,121,9.5,60
"203397",90188,1990,3,102,1,121,8.3,61
"203399",90188,1990,3,103,1,121,11.6,68
"203400",90188,1990,3,103,2,121,10.7,68
"203409",90188,1990,3,106,2,121,8.4,55
"203410",90188,1990,3,106,3,121,7.3,59
"203412",90188,1990,3,107,2,121,9,57
"203415",90188,1990,3,108,1,121,17.2,75
"203419",90188,1990,3,109,1,121,7.1,63
"203420",90188,1990,3,109,2,121,8.4,68
"203421",90188,1990,3,109,3,121,5.1,54
"203422",90188,1990,3,110,1,121,8.3,59
"328240",3,2000,3,1,4,121,11.8,72
"328242",3,2000,3,2,1,121,12.3,74
"328243",3,2000,3,3,1,121,6.3,57
"328244",3,2000,3,3,2,121,6.8,55
"328246",3,2000,3,3,4,121,12.4,70
"328247",3,2000,3,4,1,121,10.5,61
"328248",3,2000,3,4,2,121,12,73
"328249",3,2000,3,4,3,121,8.5,55
"328250",3,2000,3,4,4,121,5.9,47
"328257",3,2000,3,103,2,121,12.3,74
"328260",4,2000,3,2,1,121,11.1,66
"328261",4,2000,3,2,2,121,10.9,66
"328262",4,2000,3,2,3,121,11.9,67
"328263",4,2000,3,2,4,121,5.3,47
"328264",4,2000,3,2,5,121,7.7,60
"328374",13,2000,3,4,1,121,5.5,34
"328375",13,2000,3,4,2,121,5.1,32
"328410",17,2000,3,1,1,121,15.3,82
"328411",17,2000,3,1,2,121,11,78
"328412",17,2000,3,1,3,121,8.1,69
"328413",17,2000,3,1,4,121,11.6,80
"328414",17,2000,3,1,5,121,15,76
"328416",17,2000,3,2,1,121,9.2,70
"328417",17,2000,3,2,2,121,10.8,79
"328418",17,2000,3,2,3,121,10.5,78
"328419",17,2000,3,2,4,121,6.8,69
"328420",17,2000,3,2,5,121,8.5,70
"328421",17,2000,3,2,6,121,11.4,73
"328422",17,2000,3,2,7,121,4.2,44
"328423",17,2000,3,2,8,121,1.9,22
"328424",17,2000,3,3,1,121,12,77
"328425",17,2000,3,3,2,121,12.3,80
"328426",17,2000,3,3,3,121,11.3,81
"328427",17,2000,3,3,4,121,5.7,49
"328428",17,2000,3,3,5,121,17.4,80
"328429",17,2000,3,3,6,121,10.6,75
"328430",17,2000,3,3,7,121,5.4,55
"328431",17,2000,3,3,8,121,6.9,65
"328432",17,2000,3,3,9,121,4,40
"328433",17,2000,3,101,1,121,11.6,80
"328435",17,2000,3,101,3,121,15.3,82
"328436",17,2000,3,101,4,121,8.1,69
"328437",17,2000,3,102,1,121,7.5,72
"328438",17,2000,3,102,3,121,15.9,80
"328439",17,2000,3,105,1,121,13.2,80
"328440",17,2000,3,102,2,121,8.4,73
"328441",17,2000,3,102,4,121,7.1,71
"328442",17,2000,3,104,1,121,14.9,72
"328443",17,2000,3,105,2,121,10,80
"328466",21,2000,3,1,6,121,12.6,66
"328504",21,2000,3,102,1,121,15.2,84
"328505",21,2000,3,102,2,121,15.9,86
"328507",21,2000,3,102,6,121,12.9,87
"328559",26,2000,3,4,7,121,9.7,63
"328855",36,2000,3,4,1,121,8.6,48
"329039",47,2000,3,2,1,121,19.4,77
"329050",47,2000,3,3,1,121,9.3,54
"329051",47,2000,3,3,2,121,17.7,76
"329055",47,2000,3,3,5,121,18.3,74
"329081",47,2000,3,103,1,121,19.4,77
"329341",61,2000,3,3,1,121,8.6,50
"329343",61,2000,3,3,2,121,5.8,48
"329344",61,2000,3,3,3,121,9.7,50
"329349",61,2000,3,4,5,121,13.2,49
"329370",68,2000,3,1,2,121,4.2,40
"329371",68,2000,3,1,3,121,4.1,39
"329377",68,2000,3,101,2,121,4.1,39
"329378",68,2000,3,101,3,121,4.2,40
"329381",68,2000,3,102,1,121,6.1,50
"329422",73,2000,3,1,5,121,13.1,88
"329424",73,2000,3,2,1,121,16.5,83
"329425",73,2000,3,2,2,121,17.4,70
"329447",73,2000,3,101,2,121,13.1,88
"329450",73,2000,3,102,1,121,13.5,77
"329453",73,2000,3,103,1,121,16.5,83
"329454",73,2000,3,103,2,121,17.4,70
"329456",74,2000,3,1,1,121,13.8,64
"329461",74,2000,3,1,6,121,2.2,22
"329463",74,2000,3,2,2,121,6.1,48
"329464",74,2000,3,2,3,121,2.3,26
"329465",74,2000,3,2,4,121,2.5,25
"329466",74,2000,3,2,5,121,1.2,15
"329467",74,2000,3,3,1,121,6.3,43
"329468",74,2000,3,3,5,121,7.1,34
"329469",74,2000,3,3,2,121,10.7,54
"329471",74,2000,3,3,4,121,11.3,60
"329475",74,2000,3,4,4,121,9.8,51
"329476",74,2000,3,101,1,121,13.8,64
"329478",74,2000,3,103,2,121,2.7,23
"329479",74,2000,3,103,3,121,4,25
"329878",86,2000,3,2,1,121,3.8,24
"329884",86,2000,3,2,7,121,1.2,11
"329885",86,2000,3,3,1,121,3.9,25
"329886",86,2000,3,4,1,121,1.7,13
"329887",86,2000,3,4,2,121,1.2,9
"329888",86,2000,3,4,3,121,2.1,15
"330128",94,2000,3,1,1,121,5.3,46
"330129",94,2000,3,1,2,121,6.5,59
"330131",94,2000,3,1,4,121,6.6,60
"330132",94,2000,3,1,5,121,6.4,61
"330133",94,2000,3,1,6,121,8.7,62
"330134",94,2000,3,1,7,121,9.3,57
"330135",94,2000,3,2,1,121,7.1,55
"330136",94,2000,3,2,2,121,7.5,58
"330137",94,2000,3,2,3,121,5.4,45
"330138",94,2000,3,2,4,121,6.8,59
"330139",94,2000,3,2,5,121,7.9,58
"330141",94,2000,3,3,1,121,5.4,54
"330142",94,2000,3,3,2,121,11.6,68
"330143",94,2000,3,3,3,121,7.7,58
"330144",94,2000,3,3,4,121,5,53
"330145",94,2000,3,3,5,121,7.6,65
"330146",94,2000,3,3,6,121,11.7,70
"330147",94,2000,3,3,7,121,7.6,68
"330148",94,2000,3,3,8,121,8,68
"330149",94,2000,3,3,9,121,7.7,56
"330150",94,2000,3,3,10,121,5.4,58
"330151",94,2000,3,3,11,121,5.6,55
"330152",94,2000,3,3,12,121,2.9,40
"330153",94,2000,3,3,13,121,4.7,52
"330154",94,2000,3,4,4,121,6.2,53
"330155",94,2000,3,4,1,121,5.2,51
"330156",94,2000,3,4,2,121,5.4,47
"330157",94,2000,3,4,3,121,6.3,54
"330158",94,2000,3,4,5,121,5,54
"330159",94,2000,3,4,6,121,6.8,54
"330160",94,2000,3,4,7,121,7,55
"330161",94,2000,3,4,8,121,6.3,52
"330162",94,2000,3,4,9,121,5.2,51
"330163",94,2000,3,4,10,121,5.9,49
"330164",94,2000,3,4,11,121,5.3,53
"330165",94,2000,3,4,12,121,6.6,55
"330166",94,2000,3,4,13,121,7.2,55
"330167",94,2000,3,4,14,121,5.3,52
"330168",94,2000,3,4,15,121,8.5,58
"330169",94,2000,3,4,16,121,3.3,42
"330170",94,2000,3,4,17,121,3.9,45
"330171",94,2000,3,102,1,121,9.5,69
"330172",94,2000,3,102,2,121,6.2,55
"330173",94,2000,3,102,3,121,3.1,30
"330174",94,2000,3,103,1,121,1.6,16
"330175",94,2000,3,103,2,121,4.4,49
"330176",94,2000,3,103,3,121,4.6,48
"330177",94,2000,3,103,4,121,5.4,45
"330178",94,2000,3,103,5,121,7.1,55
"330179",94,2000,3,103,6,121,7.5,58
"330180",94,2000,3,103,7,121,2.1,26
"330181",94,2000,3,104,1,121,13.8,71
"330182",94,2000,3,105,1,121,13.4,60
"330223",97,2000,3,4,1,121,13,82
"330224",97,2000,3,4,2,121,14.8,86
"330226",97,2000,3,102,1,121,10.6,82
"330227",97,2000,3,102,2,121,13.4,87
"330228",97,2000,3,104,1,121,14.8,86
"330385",111,2000,3,1,2,121,13.7,71
"330386",111,2000,3,1,3,121,9.8,60
"330387",111,2000,3,1,4,121,11.9,69
"330393",111,2000,3,3,2,121,8.5,55
"330394",111,2000,3,4,1,121,5.4,51
"330395",111,2000,3,3,3,121,9.2,60
"330396",111,2000,3,3,4,121,11.5,65
"330398",111,2000,3,4,2,121,14.8,72
"330399",111,2000,3,4,3,121,11.2,74
"330401",111,2000,3,4,5,121,10.9,70
"330402",111,2000,3,4,6,121,11.3,60
"330403",111,2000,3,4,7,121,5,46
"330407",111,2000,3,4,11,121,3.5,39
"330409",111,2000,3,101,2,121,11.9,69
"330413",111,2000,3,102,1,121,13.3,61
"330414",111,2000,3,102,2,121,17.3,72
"330415",111,2000,3,102,3,121,13.3,66
"330416",111,2000,3,102,4,121,11.2,70
"330419",111,2000,3,103,2,121,16.2,53
"330422",111,2000,3,104,1,121,12.9,56
"330423",111,2000,3,105,1,121,9,66
"330424",111,2000,3,105,2,121,11.4,71
"330438",114,2000,3,3,1,121,10.8,74
"330461",114,2000,3,104,1,121,12.7,70
"330612",118,2000,3,1,1,121,8,48
"330613",118,2000,3,2,1,121,5,39
"330614",118,2000,3,2,2,121,1.1,8
"330615",118,2000,3,2,3,121,1.2,8
"330616",118,2000,3,2,4,121,1.2,9
"330617",118,2000,3,3,1,121,15.1,88
"330618",118,2000,3,3,2,121,7.5,52
"330619",118,2000,3,4,1,121,16.6,80
"330620",118,2000,3,4,2,121,17.5,82
"330621",118,2000,3,101,2,121,8,48
"330622",118,2000,3,103,1,121,6.2,46
"330679",120,2000,3,105,6,121,8.7,68
"330735",125,2000,3,1,1,121,8.7,61
"330736",125,2000,3,1,2,121,7.7,62
"330740",125,2000,3,1,6,121,8.7,58
"330743",125,2000,3,3,1,121,9.8,69
"330744",125,2000,3,3,2,121,7.7,66
"330745",125,2000,3,3,3,121,6.7,52
"330746",125,2000,3,3,4,121,8.4,64
"330747",125,2000,3,3,5,121,8.3,63
"330748",125,2000,3,3,6,121,7,68
"330749",125,2000,3,3,7,121,12.6,74
"330750",125,2000,3,4,1,121,11.9,77
"330752",125,2000,3,101,2,121,8.7,61
"330754",125,2000,3,101,5,121,8.7,58
"330757",125,2000,3,104,1,121,14,72
"330840",128,2000,3,3,1,121,8.8,60
"330841",128,2000,3,4,1,121,5.4,32
"330871",132,2000,3,3,1,121,16.6,82
"330891",132,2000,3,104,2,121,10.6,76
"330897",137,2000,3,2,2,121,11,48
"330913",143,2000,3,1,2,121,7,48
"330914",143,2000,3,1,3,121,11.8,84
"330915",143,2000,3,1,4,121,9.9,77
"330916",143,2000,3,1,5,121,8.1,55
"330921",143,2000,3,2,3,121,12.7,76
"330930",143,2000,3,4,1,121,13.4,70
"330931",143,2000,3,4,2,121,11.9,49
"330933",143,2000,3,101,2,121,11.8,84
"330934",143,2000,3,101,3,121,9.9,77
"331037",145,2000,3,3,4,121,1.2,11
"331085",151,2000,3,1,1,121,3.1,27
"331087",151,2000,3,1,4,121,2,21
"331088",151,2000,3,1,5,121,2.6,23
"331090",151,2000,3,1,7,121,3.6,27
"331097",151,2000,3,3,1,121,1.8,16
"331101",151,2000,3,3,5,121,1.8,16
"331103",151,2000,3,3,7,121,1.5,14
"331104",151,2000,3,3,8,121,1.1,12
"331122",152,2000,3,1,1,121,6.7,44
"331215",159,2000,3,1,1,121,1.1,7
"331282",163,2000,3,1,3,121,9.4,58
"331283",163,2000,3,1,4,121,6.1,43
"331315",163,2000,3,102,1,121,5.6,37
"331326",164,2000,3,1,1,121,1.6,10
"331328",164,2000,3,2,2,121,2.2,13
"331329",164,2000,3,3,1,121,6.8,42
"331330",164,2000,3,3,2,121,14.8,64
"331331",164,2000,3,3,3,121,13.7,72
"331333",164,2000,3,4,2,121,9.6,63
"331335",164,2000,3,3,6,121,1.7,10
"331336",164,2000,3,4,1,121,11.8,63
"331337",164,2000,3,4,3,121,12.8,71
"331399",167,2000,3,4,2,121,6.6,47
"331400",167,2000,3,4,3,121,7.6,48
"331401",167,2000,3,4,4,121,9.8,58
"331636",178,2000,3,1,1,121,14.6,45
"331637",178,2000,3,2,1,121,8.1,49
"331639",178,2000,3,2,3,121,6.4,42
"331640",178,2000,3,2,4,121,7.2,36
"331642",178,2000,3,2,6,121,13.8,48
"331644",178,2000,3,3,1,121,9.5,48
"331648",178,2000,3,3,5,121,10.3,70
"331652",178,2000,3,102,1,121,3.1,32
"331653",178,2000,3,102,2,121,13.9,41
"331654",178,2000,3,102,3,121,5.2,21
"331655",178,2000,3,103,1,121,13.8,48
"331656",178,2000,3,104,3,121,6.8,44
"331657",178,2000,3,103,2,121,8.1,49
"331658",178,2000,3,104,1,121,7.3,47
"331659",178,2000,3,104,2,121,10.9,48
"331661",178,2000,3,105,2,121,7.4,43
"331685",183,2000,3,4,1,121,15.8,77
"331687",183,2000,3,4,3,121,7.5,47
"332001",200,2000,3,1,2,121,12.7,52
"332002",200,2000,3,1,3,121,7.2,66
"332004",200,2000,3,2,1,121,7.8,61
"332006",200,2000,3,2,3,121,10.2,60
"332007",200,2000,3,2,4,121,9.7,66
"332010",200,2000,3,3,2,121,13.5,68
"332013",200,2000,3,3,5,121,12.3,67
"332014",200,2000,3,3,6,121,11.8,66
"332016",200,2000,3,4,4,121,6.8,57
"332018",200,2000,3,4,2,121,9.9,56
"332020",200,2000,3,4,5,121,9.2,59
"332021",200,2000,3,4,6,121,7.3,61
"332029",200,2000,3,101,2,121,12.7,52
"332033",200,2000,3,103,1,121,9.7,66
"332036",200,2000,3,105,1,121,12.7,73
"332078",203,2000,3,104,2,121,14,81
"332170",206,2000,3,2,1,121,9.1,65
"332171",206,2000,3,2,2,121,14.3,80
"332172",206,2000,3,2,3,121,14.8,89
"332173",206,2000,3,2,4,121,14.1,79
"332212",206,2000,3,103,1,121,9.1,65
"332213",206,2000,3,103,2,121,14.3,80
"332214",206,2000,3,103,3,121,14.1,79
"332216",206,2000,3,104,1,121,14.1,73
"332300",214,2000,3,1,3,121,12.7,70
"332304",214,2000,3,1,8,121,12,77
"332318",214,2000,3,3,4,121,11.9,85
"332319",214,2000,3,3,5,121,14.1,79
"332334",214,2000,3,102,8,121,9.3,68
"332337",214,2000,3,104,1,121,9.6,74
"332341",214,2000,3,105,3,121,11.5,70
"332348",217,2000,3,1,1,121,9.2,66
"332349",217,2000,3,1,2,121,9.2,54
"332350",217,2000,3,1,3,121,7.7,53
"332354",217,2000,3,2,1,121,6.4,51
"332355",217,2000,3,2,2,121,5.6,50
"332357",217,2000,3,2,4,121,5.1,37
"332358",217,2000,3,2,5,121,7.8,59
"332359",217,2000,3,2,6,121,5.7,44
"332360",217,2000,3,2,7,121,6.2,52
"332362",217,2000,3,2,9,121,1.2,8
"332363",217,2000,3,2,10,121,1.1,9
"332364",217,2000,3,2,11,121,1.7,18
"332365",217,2000,3,2,12,121,2.2,23
"332367",217,2000,3,3,2,121,10.1,60
"332370",217,2000,3,4,1,121,7.8,51
"332372",217,2000,3,4,3,121,8.8,52
"332374",217,2000,3,4,5,121,2.7,34
"332376",217,2000,3,4,7,121,1,9
"332378",217,2000,3,4,9,121,1.5,13
"332381",217,2000,3,4,11,121,1.4,16
"332383",217,2000,3,101,3,121,9.2,54
"332386",217,2000,3,102,1,121,11.1,55
"332393",217,2000,3,103,3,121,5.6,50
"332396",217,2000,3,104,1,121,9.7,58
"332577",248,2000,3,1,1,121,13.9,61
"332579",248,2000,3,1,3,121,14.3,65
"332583",248,2000,3,1,6,121,5.1,56
"332584",248,2000,3,2,1,121,11.2,60
"332586",248,2000,3,2,4,121,8.1,54
"332591",248,2000,3,3,1,121,13.6,73
"332592",248,2000,3,3,2,121,14.7,66
"332594",248,2000,3,101,3,121,14.3,65
"332595",248,2000,3,101,4,121,13.9,61
"332596",248,2000,3,102,1,121,13,63
"332601",248,2000,3,103,1,121,11.2,60
"332620",249,2000,3,3,1,121,8.9,62
"332621",249,2000,3,3,5,121,8.6,57
"332622",249,2000,3,3,2,121,6.5,55
"332623",249,2000,3,3,3,121,8.6,57
"332624",249,2000,3,3,4,121,8,58
"332627",249,2000,3,4,3,121,10.6,60
"332933",258,2000,3,105,3,121,18.8,68
"333049",263,2000,3,1,1,121,10.7,73
"333051",263,2000,3,1,3,121,9.3,75
"333052",263,2000,3,1,4,121,5.7,56
"333053",263,2000,3,1,5,121,8.8,68
"333059",263,2000,3,2,2,121,8.2,65
"333061",263,2000,3,2,4,121,11.5,73
"333062",263,2000,3,2,5,121,10.7,72
"333063",263,2000,3,2,6,121,7.9,62
"333065",263,2000,3,2,8,121,11.3,65
"333066",263,2000,3,2,9,121,8.5,67
"333067",263,2000,3,2,10,121,9.4,64
"333069",263,2000,3,2,11,121,10.3,70
"333075",263,2000,3,3,6,121,10.5,73
"333081",263,2000,3,4,3,121,5.3,53
"333084",263,2000,3,4,6,121,7.6,56
"333085",263,2000,3,4,7,121,8.8,63
"333086",263,2000,3,4,8,121,6.5,60
"333087",263,2000,3,4,9,121,6.8,58
"333088",263,2000,3,4,10,121,5.8,54
"333096",263,2000,3,102,10,121,11.3,77
"333099",263,2000,3,103,1,121,8.2,65
"333106",263,2000,3,104,2,121,9,65
"506157",4,2001,3,2,1,121,11.3,68
"506158",4,2001,3,2,2,121,11.1,67
"506159",4,2001,3,2,3,121,12,69
"506160",4,2001,3,2,4,121,5.3,50
"506161",4,2001,3,2,5,121,8,63
"506423",13,2001,3,4,1,121,6.5,42
"506424",17,2001,3,1,1,121,15.8,86
"506425",13,2001,3,4,2,121,6.1,34
"506426",13,2001,3,4,3,121,2.7,15
"506427",13,2001,3,4,4,121,2.5,20
"506428",17,2001,3,1,2,121,11.3,82
"506429",17,2001,3,1,3,121,8.2,79
"506430",17,2001,3,1,4,121,12.1,83
"506431",17,2001,3,1,5,121,15.5,80
"506435",17,2001,3,2,1,121,9.7,76
"506436",17,2001,3,2,2,121,11.3,81
"506437",17,2001,3,2,3,121,11.1,82
"506438",17,2001,3,2,4,121,7.1,70
"506439",17,2001,3,2,5,121,9,72
"506440",17,2001,3,2,6,121,12.2,74
"506441",17,2001,3,2,7,121,4.3,45
"506442",17,2001,3,2,8,121,1.9,24
"506443",17,2001,3,2,9,121,1.1,16
"506444",17,2001,3,3,1,121,12.1,80
"506445",17,2001,3,3,2,121,12.6,83
"506446",17,2001,3,3,3,121,11.7,84
"506447",17,2001,3,3,4,121,5.7,49
"506448",17,2001,3,3,5,121,17.6,86
"506449",17,2001,3,3,6,121,11.2,81
"506450",17,2001,3,3,7,121,5.6,60
"506451",17,2001,3,3,8,121,7.1,70
"506452",17,2001,3,3,9,121,4,43
"506588",26,2001,3,4,7,121,9.96,64
"506601",47,2001,3,2,1,121,20.1,77
"506616",47,2001,3,3,1,121,9.3,54
"506617",47,2001,3,3,2,121,18.5,78
"506619",47,2001,3,3,5,121,19.1,80
"507123",142,2001,3,4,1,121,13.6,91
"507124",142,2001,3,4,2,121,12.5,89
"507125",142,2001,3,4,3,121,13.3,93
"507126",142,2001,3,4,4,121,13.5,91
"507127",142,2001,3,4,5,121,9,79
"507128",142,2001,3,4,6,121,15.1,94
"507219",151,2001,3,1,4,121,2,24
"507220",151,2001,3,1,5,121,2.8,26
"507222",151,2001,3,1,7,121,4,34
"507224",151,2001,3,1,1,121,3.4,30
"507233",151,2001,3,1,15,121,4.5,33
"507243",151,2001,3,3,1,121,2.1,20
"507247",151,2001,3,3,5,121,2,19
"507249",151,2001,3,3,7,121,1.6,17
"507250",151,2001,3,3,8,121,1.2,13
"507277",159,2001,3,1,1,121,1.7,11
"507285",159,2001,3,2,4,121,1,9
"507287",159,2001,3,2,6,121,2.6,18
"507288",159,2001,3,2,7,121,2.9,18
"507289",159,2001,3,2,8,121,1.7,11
"507290",159,2001,3,2,9,121,1,8
"507296",159,2001,3,4,1,121,1.2,7
"507298",159,2001,3,4,3,121,1.2,7
"507299",159,2001,3,4,4,121,2.1,13
"507300",159,2001,3,4,5,121,1.8,14
"507301",159,2001,3,4,6,121,1.3,9
"507345",167,2001,3,1,7,121,1.4,13
"507359",167,2001,3,4,2,121,7,51
"507360",167,2001,3,4,3,121,8.1,48
"507361",167,2001,3,4,4,121,10.3,59
"536801",3,2002,3,1,4,121,12.4,76
"536803",3,2002,3,2,1,121,13.1,76
"536807",3,2002,3,3,1,121,6.3,57
"536808",3,2002,3,3,2,121,6.8,55
"536810",3,2002,3,3,4,121,12.7,72
"536811",3,2002,3,4,1,121,10.5,61
"536812",3,2002,3,4,2,121,10.9,70
"536813",3,2002,3,4,3,121,8.5,55
"536814",3,2002,3,4,4,121,5.9,47
"537187",63,2002,3,1,1,121,18.6,62
"537193",63,2002,3,2,3,121,11.7,75
"537194",63,2002,3,2,4,121,7.2,47
"537241",80,2002,3,1,1,121,15.8,104
"537242",80,2002,3,1,2,121,15.7,98
"537243",80,2002,3,3,1,121,13.7,91
"537244",80,2002,3,3,2,121,5.7,50
"537245",80,2002,3,3,3,121,15.9,92
"537246",80,2002,3,3,4,121,5.4,33
"537247",80,2002,3,4,1,121,13,90
"537248",80,2002,3,4,2,121,13,88
"537410",111,2002,3,1,2,121,14,73
"537411",111,2002,3,1,3,121,9.9,59
"537412",111,2002,3,1,4,121,12.1,61
"537420",111,2002,3,3,2,121,8.7,50
"537421",111,2002,3,3,3,121,9.5,63
"537422",111,2002,3,3,4,121,11.6,65
"537426",111,2002,3,4,1,121,5.5,53
"537427",111,2002,3,4,5,121,11.1,70
"537428",111,2002,3,4,2,121,15,74
"537429",111,2002,3,4,3,121,11.3,78
"537431",111,2002,3,4,6,121,11.5,58
"537432",111,2002,3,4,7,121,5.2,47
"537436",111,2002,3,4,11,121,3.5,38
"537438",118,2002,3,1,1,121,9.2,51
"537439",118,2002,3,2,1,121,6.3,43
"537440",118,2002,3,2,2,121,1.5,15
"537441",118,2002,3,2,3,121,1.7,15
"537442",118,2002,3,2,4,121,1.9,15
"537443",118,2002,3,3,1,121,15.5,87
"537444",118,2002,3,3,2,121,7.6,52
"537445",118,2002,3,3,3,121,2.4,14
"537446",118,2002,3,4,1,121,17.1,80
"537447",118,2002,3,4,2,121,17.8,75
"537505",128,2002,3,3,1,121,9.15,61
"537506",128,2002,3,4,1,121,6,36
"537651",164,2002,3,1,1,121,2.9,20
"537653",164,2002,3,2,2,121,3.4,22
"537655",164,2002,3,3,1,121,6.8,42
"537656",164,2002,3,3,2,121,15,78
"537657",164,2002,3,3,3,121,13.8,72
"537660",164,2002,3,3,6,121,1.7,12
"537663",164,2002,3,4,1,121,12.4,64
"537664",164,2002,3,4,2,121,9.9,68
"537665",164,2002,3,4,3,121,13.2,74
"567069",21,2003,3,1,6,121,12.6,66
"567142",36,2003,3,4,1,121,10.3,55
"567212",73,2003,3,1,5,121,13.6,95
"567215",73,2003,3,2,1,121,17.1,92
"567216",73,2003,3,2,2,121,17.9,84
"567309",97,2003,3,4,1,121,13.9,82
"567310",97,2003,3,4,2,121,15.7,82
"567504",132,2003,3,3,1,121,16.9,86
"567517",137,2003,3,2,2,121,12.2,58
"567526",143,2003,3,1,2,121,7.9,50
"567527",143,2003,3,1,3,121,13,92
"567528",143,2003,3,1,4,121,10.9,87
"567529",143,2003,3,1,5,121,8.5,56
"567534",143,2003,3,2,3,121,14.2,83
"567551",143,2003,3,4,1,121,13.7,69
"567552",143,2003,3,4,2,121,12,57
"567553",152,2003,3,1,1,121,8.5,51
"567621",163,2003,3,1,3,121,9.4,58
"567622",163,2003,3,1,4,121,6.5,43
"567631",163,2003,3,1,13,121,5.8,36
"597988",31,2004,3,1,1,121,4.5,43
"598002",31,2004,3,3,2,121,7.9,51
"598003",31,2004,3,3,3,121,7.5,55
"598004",31,2004,3,3,4,121,14.2,52
"598008",31,2004,3,3,8,121,1.3,14
"598122",61,2004,3,3,1,121,10,55
"598123",61,2004,3,3,2,121,6.7,54
"598124",61,2004,3,3,3,121,11,58
"598130",61,2004,3,4,5,121,13.5,54
"598180",74,2004,3,1,1,121,14,69
"598185",74,2004,3,1,6,121,2.8,31
"598186",74,2004,3,1,7,121,2.7,24
"598188",74,2004,3,2,2,121,6.8,55
"598189",74,2004,3,2,3,121,2.9,30
"598190",74,2004,3,2,4,121,2.8,27
"598191",74,2004,3,2,5,121,1.3,14
"598192",74,2004,3,2,6,121,5,27
"598193",74,2004,3,2,7,121,5.9,45
"598194",74,2004,3,2,8,121,2.2,18
"598195",74,2004,3,3,1,121,7,49
"598196",74,2004,3,3,2,121,11.7,56
"598198",74,2004,3,3,4,121,12.6,60
"598199",74,2004,3,3,5,121,7.7,39
"598200",74,2004,3,3,6,121,1.9,19
"598204",74,2004,3,4,4,121,11.6,57
"598205",74,2004,3,4,5,121,6.3,51
"598259",86,2004,3,1,7,121,1.5,11
"598261",86,2004,3,2,1,121,5.9,38
"598267",86,2004,3,2,7,121,1.9,22
"598268",86,2004,3,2,8,121,5.3,37
"598269",86,2004,3,2,9,121,6,38
"598270",86,2004,3,2,10,121,6.4,40
"598271",86,2004,3,2,11,121,5.1,36
"598272",86,2004,3,2,12,121,5.7,37
"598273",86,2004,3,2,13,121,1.5,17
"598274",86,2004,3,2,14,121,1.7,12
"598275",86,2004,3,2,15,121,1.1,7
"598276",86,2004,3,2,16,121,4,32
"598277",86,2004,3,2,17,121,1.1,8
"598278",86,2004,3,3,1,121,5.4,37
"598279",86,2004,3,3,2,121,5.6,41
"598280",86,2004,3,3,3,121,5.4,42
"598281",86,2004,3,3,4,121,5.1,41
"598282",86,2004,3,3,5,121,5.5,38
"598283",86,2004,3,3,6,121,6.1,36
"598284",86,2004,3,3,10,121,2.9,26
"598285",86,2004,3,3,7,121,5,35
"598286",86,2004,3,3,8,121,3.9,33
"598287",86,2004,3,3,9,121,2.5,23
"598288",86,2004,3,4,1,121,3.2,29
"598289",86,2004,3,4,2,121,1.8,19
"598290",86,2004,3,4,3,121,3.7,29
"598291",86,2004,3,4,4,121,6.4,38
"598292",86,2004,3,4,5,121,5,37
"598293",86,2004,3,4,6,121,5.3,39
"598294",86,2004,3,4,7,121,5.2,38
"598295",86,2004,3,4,8,121,4.5,37
"598297",86,2004,3,4,10,121,3.5,37
"598298",86,2004,3,4,11,121,3.3,32
"598299",86,2004,3,4,12,121,1.6,15
"598300",86,2004,3,4,13,121,1.8,18
"598301",86,2004,3,4,14,121,2.1,16
"598302",86,2004,3,4,15,121,4.8,37
"598303",86,2004,3,4,16,121,2.1,19
"598381",94,2004,3,1,1,121,5.5,53
"598382",94,2004,3,1,2,121,7.2,62
"598384",94,2004,3,1,4,121,7.8,65
"598385",94,2004,3,1,5,121,7.1,68
"598386",94,2004,3,1,6,121,9.8,70
"598387",94,2004,3,1,7,121,10.4,65
"598388",94,2004,3,1,8,121,3.5,39
"598389",94,2004,3,2,1,121,7.65,57
"598390",94,2004,3,2,2,121,8.05,60
"598392",94,2004,3,2,3,121,5.95,46
"598393",94,2004,3,2,4,121,7.35,61
"598394",94,2004,3,2,5,121,8.45,60
"598395",94,2004,3,3,1,121,5.5,54
"598396",94,2004,3,3,2,121,12.5,74
"598397",94,2004,3,3,3,121,7.6,58
"598398",94,2004,3,3,4,121,5,53
"598399",94,2004,3,3,5,121,8.2,72
"598400",94,2004,3,3,6,121,13.2,79
"598401",94,2004,3,3,7,121,8.7,72
"598402",94,2004,3,3,8,121,9.3,72
"598403",94,2004,3,3,9,121,8.1,67
"598404",94,2004,3,3,10,121,5.5,65
"598405",94,2004,3,3,11,121,6.4,66
"598406",94,2004,3,3,12,121,2.9,40
"598407",94,2004,3,3,13,121,4.7,55
"598408",94,2004,3,3,14,121,5.1,53
"598409",94,2004,3,4,1,121,5.75,52
"598410",94,2004,3,4,2,121,5.95,48
"598411",94,2004,3,4,3,121,6.85,56
"598412",94,2004,3,4,4,121,6.75,55
"598413",94,2004,3,4,5,121,5.73,56
"598414",94,2004,3,4,6,121,7.08,56
"598415",94,2004,3,4,7,121,7.55,57
"598416",94,2004,3,4,8,121,6.58,54
"598417",94,2004,3,4,9,121,5.48,52
"598418",94,2004,3,4,10,121,6.45,51
"598419",94,2004,3,4,11,121,5.85,55
"598420",94,2004,3,4,12,121,6.88,57
"598421",94,2004,3,4,13,121,7.48,57
"598422",94,2004,3,4,14,121,5.85,54
"598423",94,2004,3,4,15,121,8.78,60
"598520",114,2004,3,2,4,121,7.8,75
"598523",114,2004,3,3,1,121,11,75
"598624",125,2004,3,1,1,121,9.6,61
"598625",125,2004,3,1,2,121,8.9,69
"598629",125,2004,3,1,6,121,10.1,64
"598632",125,2004,3,3,1,121,10.4,79
"598633",125,2004,3,3,2,121,8.17,68
"598634",125,2004,3,3,3,121,6.9,52
"598635",125,2004,3,3,4,121,8.87,66
"598636",125,2004,3,3,5,121,8.77,65
"598637",125,2004,3,3,6,121,7.47,70
"598638",125,2004,3,3,7,121,13,79
"598639",125,2004,3,4,1,121,12.29,78
"598761",145,2004,3,3,13,121,5.5,41
"598782",145,2004,3,4,15,121,4.7,39
"598786",147,2004,3,1,2,121,6.5,34
"598788",147,2004,3,2,2,121,5.6,49
"598791",147,2004,3,2,5,121,8.5,52
"598792",147,2004,3,2,6,121,7.2,44
"598798",147,2004,3,3,1,121,6.7,38
"598799",147,2004,3,3,3,121,7.3,43
"598800",147,2004,3,3,2,121,5.9,37
"598801",147,2004,3,3,4,121,5.5,35
"598803",147,2004,3,4,2,121,5.1,31
"598804",147,2004,3,4,3,121,7.2,40
"598805",147,2004,3,4,4,121,4.5,39
"629868",178,2005,3,1,1,121,15.1,46
"629871",178,2005,3,2,1,121,9.1,51
"629873",178,2005,3,2,3,121,7.5,45
"629874",178,2005,3,2,4,121,8.8,41
"629876",178,2005,3,2,6,121,14.6,49
"629880",178,2005,3,3,1,121,10.02,49
"629883",178,2005,3,3,5,121,10.82,72
"629912",183,2005,3,4,1,121,16.2,78
"629914",183,2005,3,4,3,121,8.1,60
"630291",200,2005,3,1,2,121,13.6,68
"630292",200,2005,3,1,3,121,8.4,66
"630299",200,2005,3,2,1,121,8.6,72
"630301",200,2005,3,2,3,121,11.4,70
"630302",200,2005,3,2,4,121,10.8,73
"630303",200,2005,3,3,2,121,14.5,73
"630309",200,2005,3,3,5,121,13.7,72
"630310",200,2005,3,3,6,121,12.6,70
"630317",200,2005,3,4,2,121,10.8,61
"630319",200,2005,3,4,4,121,8.1,58
"630320",200,2005,3,4,5,121,9.69,60
"630321",200,2005,3,4,6,121,7.89,63
"630481",206,2005,3,2,2,121,15,81
"630484",206,2005,3,2,1,121,9.6,69
"630485",206,2005,3,2,3,121,15.5,91
"630486",206,2005,3,2,4,121,14.6,79
"630538",207,2005,3,4,5,121,2.9,17
"630539",207,2005,3,4,6,121,3.1,15
"630617",214,2005,3,1,3,121,13.5,76
"630622",214,2005,3,1,8,121,13,81
"630636",214,2005,3,3,4,121,12.7,78
"630637",214,2005,3,3,5,121,14.6,75
"630660",217,2005,3,1,1,121,9.64,67
"630661",217,2005,3,1,2,121,9.64,55
"630662",217,2005,3,1,3,121,8.9,54
"630665",217,2005,3,1,7,121,5.7,56
"630666",217,2005,3,1,8,121,5.5,45
"630667",217,2005,3,1,9,121,5.5,48
"630669",217,2005,3,1,11,121,3.3,33
"630670",217,2005,3,2,1,121,7.5,54
"630671",217,2005,3,2,2,121,6.8,48
"630673",217,2005,3,2,4,121,5.5,38
"630674",217,2005,3,2,5,121,8.32,61
"630675",217,2005,3,2,6,121,6.6,50
"630676",217,2005,3,2,7,121,7.1,59
"630678",217,2005,3,2,9,121,1.3,13
"630679",217,2005,3,2,10,121,1.2,13
"630680",217,2005,3,2,11,121,1.8,23
"630681",217,2005,3,2,12,121,2.8,29
"630684",217,2005,3,2,15,121,2.4,27
"630689",217,2005,3,2,20,121,1.5,18
"630691",217,2005,3,3,2,121,10.9,65
"630694",217,2005,3,3,5,121,6.1,49
"630697",217,2005,3,4,3,121,9.32,53
"630699",217,2005,3,4,1,121,9.7,52
"630702",217,2005,3,4,5,121,3.5,38
"630706",217,2005,3,4,9,121,1.7,18
"630709",217,2005,3,4,12,121,5.3,48
"630710",217,2005,3,4,13,121,5.6,46
"630711",217,2005,3,4,14,121,1.2,12
"630712",217,2005,3,4,15,121,1.6,15
"630713",217,2005,3,4,16,121,1.9,22
"630714",219,2005,3,2,1,121,2.2,9
"630715",219,2005,3,2,2,121,1.2,6
"664356",4,2006,3,1,4,121,2.8,12
"664357",4,2006,3,2,1,121,11.7,68
"664358",4,2006,3,2,2,121,11.1,67
"664359",4,2006,3,2,3,121,12.5,70
"664482",17,2006,3,1,1,121,16.09,87
"664486",17,2006,3,1,2,121,11.67,83
"664487",17,2006,3,1,3,121,8.3,74
"664488",17,2006,3,1,4,121,12.6,85
"664489",17,2006,3,1,5,121,15.79,81
"664492",17,2006,3,2,1,121,10.15,78
"664493",17,2006,3,2,2,121,11.67,82
"664494",17,2006,3,2,3,121,11.47,83
"664495",17,2006,3,2,4,121,7.6,72
"664496",17,2006,3,2,5,121,9.3,74
"664497",17,2006,3,2,6,121,13.6,80
"664498",17,2006,3,2,9,121,1.82,16
"664499",17,2006,3,2,10,121,5,43
"664500",17,2006,3,2,11,121,5.1,44
"664501",17,2006,3,3,1,121,12.3,82
"664502",17,2006,3,3,2,121,13.1,86
"664503",17,2006,3,3,3,121,12.2,88
"664504",17,2006,3,3,4,121,6.2,51
"664505",17,2006,3,3,5,121,17.92,87
"664506",17,2006,3,3,6,121,11.6,84
"664507",17,2006,3,3,7,121,5.9,60
"664508",17,2006,3,3,8,121,7.3,69
"664908",151,2006,3,1,15,121,6.2,49
"664915",151,2006,3,1,19,121,5.7,48
"664956",159,2006,3,1,6,121,5.3,39
"664958",159,2006,3,2,4,121,1.63,9
"664960",159,2006,3,2,6,121,4.1,31
"664961",159,2006,3,2,7,121,5.4,35
"664962",159,2006,3,2,8,121,2.7,24
"664963",159,2006,3,2,9,121,1.63,8
"664972",159,2006,3,4,1,121,2.2,27
"664974",159,2006,3,4,3,121,2.9,32
"664975",159,2006,3,4,4,121,4.5,33
"664976",159,2006,3,4,5,121,3.3,29
"664977",159,2006,3,4,6,121,2,18
"664978",159,2006,3,4,7,121,5.9,38
"664979",159,2006,3,4,8,121,5.2,35
"664980",159,2006,3,4,9,121,1.8,17
"665021",167,2006,3,1,7,121,1.7,19
"665022",167,2006,3,1,8,121,5.8,37
"665034",167,2006,3,4,2,121,7.6,53
"665035",167,2006,3,4,3,121,9.3,52
"665036",167,2006,3,4,4,121,11.8,64
"686400",47,2007,3,2,1,121,20.5,78
"686405",47,2007,3,3,1,121,8.4,51
"686406",47,2007,3,3,5,121,19.41,80
"686407",47,2007,3,3,2,121,18.87,79
"686691",111,2007,3,1,2,121,14.4,74
"686692",111,2007,3,1,3,121,10.2,68
"686693",111,2007,3,1,4,121,12.3,67
"686702",111,2007,3,3,2,121,9.21,51
"686703",111,2007,3,3,3,121,9.96,64
"686704",111,2007,3,3,4,121,11.98,66
"686709",111,2007,3,4,1,121,5.7,45
"686710",111,2007,3,4,2,121,15,76
"686711",111,2007,3,4,3,121,11.5,76
"686713",111,2007,3,4,5,121,11.3,66
"686714",111,2007,3,4,6,121,11.6,57
"686715",111,2007,3,4,7,121,5.9,47
"686717",111,2007,3,4,13,121,5.7,44
"686719",118,2007,3,2,1,121,8.1,49
"686720",118,2007,3,1,1,121,9.68,52
"686721",118,2007,3,1,2,121,5.3,40
"686722",118,2007,3,1,3,121,5.9,44
"686723",118,2007,3,3,1,121,15.81,88
"686724",118,2007,3,3,2,121,7.4,51
"686725",118,2007,3,3,3,121,5.1,34
"686726",118,2007,3,3,4,121,5.1,33
"686727",118,2007,3,4,1,121,17.44,81
"686728",118,2007,3,4,2,121,18.14,76
"686729",118,2007,3,4,3,121,1.7,17
"686730",118,2007,3,4,4,121,2.5,23
"706791",3,2008,3,1,4,121,12.82,77
"706793",3,2008,3,2,1,121,13.46,77
"706799",3,2008,3,3,4,121,13.12,73
"706800",3,2008,3,4,2,121,10.9,70
"706937",63,2008,3,1,1,121,19,66
"706943",63,2008,3,2,3,121,13.3,70
"706980",68,2008,3,3,7,121,2.8,24
"706981",68,2008,3,3,8,121,1.6,15
"706982",68,2008,3,3,9,121,2.5,20
"706990",80,2008,3,1,1,121,16.13,105
"706991",80,2008,3,1,2,121,16.8,96
"706992",80,2008,3,3,1,121,14.8,94
"706993",80,2008,3,3,2,121,6.8,54
"706994",80,2008,3,3,3,121,16.23,93
"706995",80,2008,3,3,4,121,7.5,30
"706996",80,2008,3,4,1,121,13.5,88
"706997",80,2008,3,4,2,121,14.2,89
"707145",128,2008,3,3,3,121,3.6,16
"707146",128,2008,3,3,4,121,1.1,8
"707147",128,2008,3,3,5,121,2.3,15
"707148",128,2008,3,4,1,121,7,38
"707149",128,2008,3,4,2,121,1.3,14
"707151",128,2008,3,4,4,121,1.8,16
"707152",128,2008,3,4,5,121,2.1,17
"707155",137,2008,3,2,2,121,12.5,64
"707162",143,2008,3,1,3,121,13.34,93
"707165",143,2008,3,1,2,121,9.1,53
"707166",143,2008,3,1,4,121,11.8,79
"707167",143,2008,3,1,5,121,8.9,55
"707172",143,2008,3,2,3,121,15.5,78
"707190",143,2008,3,4,1,121,13.9,68
"707191",143,2008,3,4,2,121,12.2,57
"707246",164,2008,3,1,2,121,5.1,40
"707247",164,2008,3,1,3,121,6.4,37
"707249",164,2008,3,2,4,121,5.5,38
"707250",164,2008,3,2,5,121,5.7,39
"707251",164,2008,3,2,6,121,6,42
"707252",164,2008,3,2,7,121,5.3,42
"707253",164,2008,3,2,8,121,5,36
"707254",164,2008,3,2,9,121,5.2,42
"707255",164,2008,3,2,10,121,5.3,44
"707256",164,2008,3,3,1,121,7.3,46
"707257",164,2008,3,3,2,121,15.7,75
"707258",164,2008,3,3,3,121,14.1,73
"707261",164,2008,3,4,1,121,14,68
"707262",164,2008,3,4,2,121,10.6,70
"707263",164,2008,3,4,3,121,14.1,77
"728797",97,2009,3,3,5,121,1.9,18
"728798",97,2009,3,4,1,121,15.3,88
"728799",97,2009,3,4,2,121,16.8,95
"728987",132,2009,3,3,1,121,17.22,87
"729040",142,2009,3,4,1,121,13.8,74
"729041",142,2009,3,4,2,121,13.3,83
"729042",142,2009,3,4,3,121,13.6,82
"729043",142,2009,3,4,4,121,14.6,86
"729044",142,2009,3,4,5,121,8.7,78
"729045",142,2009,3,4,6,121,15.7,83
"729052",152,2009,3,1,1,121,9.05,53
"729084",163,2009,3,1,4,121,7.03,44
"729092",163,2009,3,1,13,121,6.33,37
"729147",230,2009,3,1,2,121,9.6,56
"729155",230,2009,3,1,10,121,14.7,83
"729156",230,2009,3,2,1,121,17.9,96
"729157",230,2009,3,2,2,121,10.3,80
"729158",230,2009,3,2,3,121,11.6,85
"729159",230,2009,3,2,4,121,7.1,72
"729160",230,2009,3,2,5,121,11.4,86
"729161",230,2009,3,2,6,121,10.2,83
"729162",230,2009,3,2,7,121,11.1,81
"750580",61,2010,3,3,1,121,10.52,56
"750581",61,2010,3,3,2,121,7.28,56
"750582",61,2010,3,3,3,121,11.52,59
"750589",61,2010,3,4,5,121,13.6,54
"750635",74,2010,3,1,1,121,14.5,63
"750640",74,2010,3,1,7,121,3.3,35
"750642",74,2010,3,2,2,121,7.3,55
"750643",74,2010,3,2,3,121,3.72,30
"750644",74,2010,3,2,6,121,6.2,35
"750645",74,2010,3,2,7,121,6.48,47
"750646",74,2010,3,2,8,121,3,29
"750647",74,2010,3,3,1,121,7.7,50
"750648",74,2010,3,3,2,121,12.8,56
"750650",74,2010,3,3,4,121,13.03,61
"750651",74,2010,3,3,5,121,8.28,40
"750652",74,2010,3,3,6,121,2.3,22
"750656",74,2010,3,4,4,121,13.3,58
"750657",74,2010,3,4,5,121,7.8,56
"750669",86,2010,3,1,7,121,1.7,15
"750670",86,2010,3,1,9,121,5,40
"750671",86,2010,3,1,10,121,5,37
"750675",86,2010,3,2,1,121,7.3,46
"750677",86,2010,3,2,8,121,6.9,45
"750678",86,2010,3,2,9,121,8.7,48
"750679",86,2010,3,2,10,121,8.3,48
"750680",86,2010,3,2,11,121,6.6,44
"750681",86,2010,3,2,12,121,7.5,47
"750682",86,2010,3,2,13,121,1.5,16
"750683",86,2010,3,2,14,121,2,18
"750684",86,2010,3,2,15,121,1.6,13
"750685",86,2010,3,2,16,121,4.7,42
"750686",86,2010,3,2,17,121,1.6,13
"750687",86,2010,3,2,18,121,6.1,44
"750688",86,2010,3,2,19,121,5.9,44
"750689",86,2010,3,2,20,121,6,43
"750690",86,2010,3,2,21,121,5.9,59
"750691",86,2010,3,2,22,121,1.1,10
"750692",86,2010,3,3,1,121,6.8,51
"750693",86,2010,3,3,2,121,6.6,49
"750694",86,2010,3,3,3,121,6.8,53
"750695",86,2010,3,3,4,121,6.7,51
"750696",86,2010,3,3,5,121,7.2,53
"750697",86,2010,3,3,6,121,7.3,52
"750698",86,2010,3,3,7,121,6.2,52
"750699",86,2010,3,3,8,121,4.8,37
"750700",86,2010,3,3,9,121,2.9,28
"750701",86,2010,3,3,10,121,3.68,26
"750702",86,2010,3,3,14,121,6.5,50
"750703",86,2010,3,3,11,121,6.6,50
"750704",86,2010,3,3,12,121,5.1,50
"750705",86,2010,3,3,13,121,5.9,50
"750706",86,2010,3,3,15,121,5,44
"750707",86,2010,3,3,16,121,5.2,48
"750708",86,2010,3,3,17,121,5.8,50
"750709",86,2010,3,3,18,121,5.5,48
"750710",86,2010,3,3,19,121,5.8,48
"750711",86,2010,3,3,20,121,5.9,48
"750712",86,2010,3,3,21,121,5.1,45
"750713",86,2010,3,4,4,121,8.2,46
"750714",86,2010,3,4,5,121,6.5,47
"750715",86,2010,3,4,6,121,6.7,47
"750716",86,2010,3,4,7,121,6.5,48
"750717",86,2010,3,4,8,121,5.6,45
"750719",86,2010,3,4,10,121,4,42
"750720",86,2010,3,4,11,121,4.1,38
"750721",86,2010,3,4,12,121,1.7,15
"750722",86,2010,3,4,13,121,1.9,22
"750723",86,2010,3,4,14,121,2.1,22
"750724",86,2010,3,4,15,121,5.8,44
"750725",86,2010,3,4,16,121,2.1,24
"750726",86,2010,3,4,17,121,2.1,21
"750729",86,2010,3,4,20,121,6.3,48
"750730",86,2010,3,4,21,121,5.9,48
"750731",86,2010,3,4,22,121,5.6,50
"750732",86,2010,3,4,23,121,5.7,48
"750733",86,2010,3,4,24,121,5,46
"750734",86,2010,3,4,25,121,7.7,50
"750764",94,2010,3,1,1,121,5.7,57
"750765",94,2010,3,1,2,121,7.9,68
"750767",94,2010,3,1,4,121,8.4,72
"750768",94,2010,3,1,5,121,7.69,70
"750769",94,2010,3,1,6,121,10.5,81
"750770",94,2010,3,1,8,121,4.18,39
"750771",94,2010,3,3,1,121,6.09,56
"750772",94,2010,3,3,2,121,13.1,75
"750773",94,2010,3,3,3,121,7.6,58
"750774",94,2010,3,3,4,121,5,53
"750775",94,2010,3,3,5,121,8.7,73
"750776",94,2010,3,3,8,121,10.2,76
"750777",94,2010,3,1,7,121,10.93,67
"750778",94,2010,3,3,6,121,14.1,84
"750779",94,2010,3,3,7,121,9.3,76
"750780",94,2010,3,3,9,121,8.6,67
"750781",94,2010,3,3,10,121,6.09,67
"750782",94,2010,3,3,11,121,7,63
"750783",94,2010,3,3,14,121,5.1,55
"750813",114,2010,3,2,4,121,8,80
"750820",125,2010,3,1,2,121,10.3,70
"750824",125,2010,3,1,6,121,11.3,64
"750825",125,2010,3,3,1,121,11.1,75
"750826",125,2010,3,3,3,121,7.4,52
"750827",125,2010,3,3,7,121,13.6,75
"750828",125,2010,3,3,8,121,6,51
"750834",147,2010,3,1,2,121,10,42
"750835",147,2010,3,1,3,121,6,40
"750836",147,2010,3,1,4,121,1.8,16
"750837",147,2010,3,1,5,121,1.8,15
"750840",147,2010,3,2,2,121,7.6,50
"750843",147,2010,3,2,5,121,10.6,56
"750844",147,2010,3,2,6,121,8.5,49
"750847",125,2010,3,1,1,121,10.4,63
"750855",147,2010,3,3,1,121,8.8,49
"750856",147,2010,3,3,2,121,7.3,50
"750857",147,2010,3,3,3,121,9.6,55
"750858",147,2010,3,3,4,121,7.5,47
"750861",147,2010,3,4,2,121,6.9,43
"750862",147,2010,3,4,3,121,7.71,41
"750863",147,2010,3,4,4,121,6.3,47
"750867",147,2010,3,4,8,121,5.6,42
"750873",161,2010,3,2,5,121,5.4,38
"750874",161,2010,3,2,6,121,6.4,42
"750905",170,2010,3,3,10,121,5.4,37
"774569",36,2011,3,4,1,121,12.1,59
"774606",49,2011,3,3,6,121,1.7,22
"774943",145,2011,3,1,19,121,5.8,60
"774972",145,2011,3,3,13,121,8,60
"774982",145,2011,3,4,15,121,6.6,58
"774987",145,2011,3,4,20,121,5.2,49
"774988",178,2011,3,1,1,121,15.7,48
"774990",178,2011,3,2,1,121,9.6,61
"774991",178,2011,3,2,4,121,10,57
"774994",178,2011,3,2,3,121,8.7,57
"774996",178,2011,3,2,6,121,15.3,55
"775022",183,2011,3,4,3,121,9,61
"775162",200,2011,3,1,2,121,14.4,81
"775163",200,2011,3,1,3,121,9.7,71
"775167",200,2011,3,2,1,121,9,81
"775172",200,2011,3,2,3,121,12.1,73
"775173",200,2011,3,2,4,121,11.1,74
"775176",200,2011,3,3,2,121,15.2,75
"775179",200,2011,3,3,5,121,14.8,76
"775180",200,2011,3,3,6,121,13,72
"775187",200,2011,3,4,2,121,11.6,65
"775189",200,2011,3,4,4,121,9.3,67
"775208",206,2011,3,2,1,121,10,64
"775209",206,2011,3,2,2,121,15.5,87
"775210",206,2011,3,2,3,121,15.9,97
"775211",206,2011,3,2,4,121,15,82
"775271",217,2011,3,1,3,121,9.48,56
"775276",217,2011,3,1,7,121,7,54
"775277",217,2011,3,1,8,121,6.6,48
"775278",217,2011,3,1,9,121,7,54
"775280",217,2011,3,1,11,121,4.7,40
"775281",217,2011,3,1,12,121,5.5,45
"775282",217,2011,3,2,1,121,9,59
"775283",217,2011,3,2,2,121,8.2,57
"775284",217,2011,3,2,4,121,6.7,47
"775285",217,2011,3,2,6,121,7.8,68
"775286",217,2011,3,2,7,121,8.7,59
"775290",217,2011,3,2,15,121,3.3,30
"775295",217,2011,3,2,20,121,1.6,18
"775296",217,2011,3,2,21,121,6.2,45
"775297",217,2011,3,2,22,121,5.1,33
"775300",217,2011,3,3,2,121,11.42,66
"775301",217,2011,3,3,5,121,8.1,54
"775305",217,2011,3,4,1,121,10.22,53
"775307",217,2011,3,4,15,121,2.42,15
"775308",217,2011,3,4,12,121,6.5,53
"775309",217,2011,3,4,13,121,7.1,48
"775310",217,2011,3,4,14,121,2.1,22
"775311",217,2011,3,4,16,121,2.3,22
"775312",217,2011,3,4,17,121,5.6,48
"775313",217,2011,3,4,18,121,5.2,46
"775314",219,2011,3,1,1,121,8.2,35
"775315",219,2011,3,1,2,121,6.1,32
"775316",219,2011,3,1,3,121,6.4,31
"775317",219,2011,3,1,4,121,5.4,37
"775318",219,2011,3,1,5,121,7.8,33
"775319",219,2011,3,1,6,121,5.7,27
"775320",219,2011,3,1,7,121,6,33
"775321",219,2011,3,2,1,121,3.02,9
"775322",219,2011,3,2,2,121,5.7,31
"775323",219,2011,3,2,3,121,7.4,38
"775324",219,2011,3,2,4,121,5.9,34
"775325",219,2011,3,2,5,121,6.7,36
"775326",219,2011,3,2,6,121,6.2,33
"775327",219,2011,3,2,7,121,8.5,36
"775328",219,2011,3,2,8,121,8.6,33
"775329",219,2011,3,2,9,121,6.8,33
"775330",219,2011,3,3,1,121,5.4,31
"775331",219,2011,3,3,2,121,5,25
"775352",222,2011,3,2,2,121,5.4,54
"799310",13,2012,3,4,1,121,7.53,45
"799311",13,2012,3,4,2,121,10.1,46
"799312",13,2012,3,4,3,121,3.99,15
"799313",13,2012,3,4,4,121,5.1,40
"799373",31,2012,3,1,1,121,5.4,52
"799377",31,2012,3,1,8,121,7,54
"799389",31,2012,3,3,2,121,9.2,67
"799390",31,2012,3,3,3,121,8.6,66
"799391",31,2012,3,3,4,121,14.4,61
"799395",31,2012,3,3,8,121,2.38,14
"799449",73,2012,3,1,5,121,14.1,97
"799454",73,2012,3,2,1,121,17.6,93
"799455",73,2012,3,2,2,121,18.4,85
"800032",207,2012,3,4,5,121,4.3,35
"800033",207,2012,3,4,6,121,4.7,36
"822469",4,2013,3,1,4,121,3.62,12
"822471",4,2013,3,2,1,121,12.4,72
"822472",4,2013,3,2,3,121,12.99,71
"822533",17,2013,3,2,5,121,9.9,73
"822535",17,2013,3,1,3,121,8.8,72
"822536",17,2013,3,1,4,121,13.08,86
"822537",17,2013,3,2,6,121,14.02,81
"822538",17,2013,3,2,10,121,5.7,44
"822539",17,2013,3,2,11,121,5.77,45
"822540",17,2013,3,2,12,121,5.7,49
"822541",17,2013,3,2,13,121,5.1,52
"822542",17,2013,3,3,1,121,12.79,83
"822543",17,2013,3,3,2,121,13.52,87
"822544",17,2013,3,3,3,121,12.69,90
"822545",17,2013,3,3,6,121,12.09,86
"822546",17,2013,3,3,7,121,7.1,60
"822547",17,2013,3,3,8,121,7.9,60
"822623",24,2013,3,2,10,121,1.7,16
"822716",47,2013,3,2,1,121,16.1,74
"822721",47,2013,3,3,1,121,6.2,48
"823049",151,2013,3,1,15,121,6.88,51
"823052",151,2013,3,1,19,121,6.38,50
"823095",159,2013,3,1,6,121,5.97,40
"823098",159,2013,3,2,6,121,4.87,31
"823099",159,2013,3,2,7,121,6.07,36
"823100",159,2013,3,2,8,121,2.7,32
"823111",159,2013,3,4,1,121,3.12,27
"823113",159,2013,3,4,3,121,3.72,32
"823114",159,2013,3,4,4,121,5.26,34
"823115",159,2013,3,4,5,121,4.07,29
"823116",159,2013,3,4,6,121,2.95,18
"823117",159,2013,3,4,7,121,6.57,40
"823118",159,2013,3,4,8,121,5.87,36
"823119",159,2013,3,4,9,121,2.75,17
"823160",167,2013,3,1,7,121,2.2,28
"823161",167,2013,3,1,8,121,7.5,55
"823180",167,2013,3,4,2,121,8,53
"823181",167,2013,3,4,3,121,10.5,68
"823182",167,2013,3,4,4,121,13,74
"847284",111,2014,3,1,2,121,11,74
"847285",111,2014,3,1,3,121,10.8,70
"847286",111,2014,3,1,4,121,12.79,68
"847298",111,2014,3,4,1,121,6.37,47
"847299",111,2014,3,4,2,121,15.3,80
"847300",111,2014,3,4,3,121,11.99,77
"847301",111,2014,3,4,5,121,11.4,71
"847302",111,2014,3,4,6,121,12.09,58
"847303",111,2014,3,4,7,121,6.57,49
"847305",111,2014,3,4,13,121,6.37,46
"847308",118,2014,3,1,2,121,7.6,44
"847309",118,2014,3,1,3,121,6.51,46
"847310",118,2014,3,1,4,121,5.7,46
"847311",118,2014,3,1,5,121,6.4,39
"847312",118,2014,3,1,6,121,6.3,42
"847313",118,2014,3,1,7,121,5,40
"847314",118,2014,3,2,1,121,10.4,58
"847315",118,2014,3,2,8,121,5.1,44
"847316",118,2014,3,2,5,121,5.6,45
"847317",118,2014,3,2,6,121,5.2,42
"847318",118,2014,3,2,7,121,5.8,46
"847319",118,2014,3,2,9,121,6.1,46
"847320",118,2014,3,2,10,121,6.3,50
"847321",118,2014,3,2,11,121,5.9,49
"847322",118,2014,3,2,12,121,5.8,44
"847323",118,2014,3,3,2,121,7.2,52
"847324",118,2014,3,3,3,121,8.3,49
"847325",118,2014,3,3,4,121,8.1,48
"847326",118,2014,3,4,3,121,2.8,23
"847327",118,2014,3,4,4,121,4.9,39
"847328",118,2014,3,4,5,121,6.3,39
"847329",118,2014,3,4,6,121,5.5,43
"847330",118,2014,3,4,7,121,5,30
"870647",68,2015,3,3,7,121,3.6,36
"870651",68,2015,3,3,8,121,2.6,15
"870652",68,2015,3,3,9,121,3.5,33
"870677",80,2015,3,1,2,121,17.22,97
"870678",80,2015,3,3,1,121,15.23,95
"870679",80,2015,3,3,2,121,7.5,56
"870680",80,2015,3,3,4,121,8.2,31
"870681",80,2015,3,4,1,121,13.94,89
"870683",80,2015,3,4,2,121,14.64,90
"870855",128,2015,3,4,1,121,8.4,57
"870856",128,2015,3,4,2,121,1.4,23
"870858",128,2015,3,4,4,121,2.2,29
"870859",128,2015,3,4,5,121,3.1,35
"870860",128,2015,3,4,6,121,8.8,57
"870867",137,2015,3,2,2,121,14,75
"870904",142,2015,3,4,1,121,14.2,75
"870905",142,2015,3,4,2,121,13.8,87
"870906",142,2015,3,4,3,121,13.9,87
"870907",142,2015,3,4,4,121,15.5,99
"870908",142,2015,3,4,5,121,8.7,78
"870909",142,2015,3,4,6,121,16.2,83
"870917",143,2015,3,1,5,121,9.8,56
"870919",143,2015,3,1,2,121,10.5,63
"870920",143,2015,3,1,4,121,12.8,83
"870924",143,2015,3,2,3,121,17,85
"870946",143,2015,3,4,1,121,14.3,71
"870947",143,2015,3,4,2,121,12.69,58
"870998",164,2015,3,1,2,121,7.9,54
"870999",164,2015,3,1,3,121,8.7,56
"871000",164,2015,3,1,4,121,5.2,42
"871001",164,2015,3,1,5,121,6.8,64
"871002",164,2015,3,1,6,121,5.5,55
"871003",164,2015,3,1,7,121,5.4,50
"871004",164,2015,3,1,8,121,6.2,58
"871006",164,2015,3,2,4,121,8.2,67
"871007",164,2015,3,2,5,121,7.8,61
"871008",164,2015,3,2,6,121,8.3,60
"871009",164,2015,3,2,7,121,6.9,56
"871010",164,2015,3,2,8,121,5.8,44
"871011",164,2015,3,2,9,121,6.8,58
"871012",164,2015,3,2,10,121,7.5,62
"871013",164,2015,3,2,11,121,6.1,54
"871014",164,2015,3,2,12,121,5.1,60
"871015",164,2015,3,2,13,121,7.8,61
"871016",164,2015,3,3,1,121,7.7,43
"871017",164,2015,3,3,2,121,16.1,82
"871018",164,2015,3,4,1,121,14.6,73
"871019",164,2015,3,3,3,121,14.4,73
"871022",164,2015,3,4,2,121,11.2,77
"871023",164,2015,3,4,3,121,15.3,80
"871024",164,2015,3,4,4,121,2.9,42
"895227",13,2016,3,4,2,121,11.2,62
"895228",13,2016,3,4,4,121,7.3,53
"895328",50,2016,3,1,13,121,5.5,34
"895329",50,2016,3,1,14,121,5,32
"895330",50,2016,3,1,15,121,5.2,31
"895331",50,2016,3,1,16,121,5.2,32
"895332",50,2016,3,1,17,121,5.5,34
"895333",50,2016,3,1,18,121,5.2,34
"895334",50,2016,3,1,19,121,5.4,33
"895335",50,2016,3,1,20,121,5.2,32
"895336",50,2016,3,1,21,121,5.9,33
"895337",50,2016,3,1,22,121,5.1,33
"895338",50,2016,3,1,23,121,3.8,28
"895339",50,2016,3,2,11,121,7.1,41
"895340",50,2016,3,2,12,121,5.5,39
"895341",50,2016,3,2,13,121,5.3,36
"895342",50,2016,3,2,14,121,5.2,36
"895343",50,2016,3,2,15,121,5.6,32
"895344",50,2016,3,2,16,121,6.3,33
"895345",50,2016,3,3,15,121,5.8,31
"895346",50,2016,3,2,17,121,5.5,30
"895347",50,2016,3,2,18,121,4.1,28
"895348",50,2016,3,3,14,121,5.8,32
"895349",50,2016,3,3,16,121,5.3,30
"895350",50,2016,3,3,17,121,8,38
"895351",50,2016,3,3,18,121,6.5,36
"895352",50,2016,3,3,19,121,5.3,32
"895353",50,2016,3,3,20,121,5,30
"895354",50,2016,3,3,21,121,6,32
"895355",50,2016,3,3,22,121,5.3,31
"895356",50,2016,3,3,23,121,5.4,32
"895357",50,2016,3,3,24,121,5,33
"895358",50,2016,3,3,25,121,5.2,30
"895359",50,2016,3,3,26,121,5.2,27
"895360",50,2016,3,3,27,121,3.7,25
"895361",50,2016,3,4,10,121,5.3,38
"895362",50,2016,3,4,11,121,5.7,37
"895363",50,2016,3,4,12,121,6,36
"895364",50,2016,3,4,13,121,5.2,36
"895365",50,2016,3,4,14,121,2.9,23
"895366",50,2016,3,4,15,121,4.3,26
"895465",97,2016,3,1,2,121,6.9,41
"895468",97,2016,3,2,1,121,4.4,28
"895470",97,2016,3,2,3,121,4.1,29
"895471",97,2016,3,2,4,121,3.6,30
"895472",97,2016,3,2,5,121,1.2,10
"895477",97,2016,3,3,5,121,2.9,38
"895478",97,2016,3,3,6,121,5.3,55
"895480",97,2016,3,3,8,121,8,62
"895481",97,2016,3,3,9,121,5.7,58
"895483",97,2016,3,4,1,121,16.8,91
"895485",97,2016,3,4,2,121,18,95
"895545",132,2016,3,1,5,121,1.3,11
"895696",230,2016,3,1,2,121,9.2,65
"895703",230,2016,3,1,10,121,16.6,90
"895706",230,2016,3,2,1,121,18.4,92
"895707",230,2016,3,2,2,121,11.2,81
"895708",230,2016,3,2,3,121,12.4,80
"895709",230,2016,3,2,4,121,7.1,70
"895710",230,2016,3,2,5,121,12.1,90
"895711",230,2016,3,2,6,121,10.6,87
"895712",230,2016,3,2,7,121,11.6,81
"919501",31,2017,3,1,1,121,5.88,53
"919507",31,2017,3,1,8,121,7.48,56
"919517",31,2017,3,3,2,121,9.7,63
"919518",31,2017,3,3,3,121,9.4,66
"919519",31,2017,3,3,4,121,14.8,54
"919633",36,2017,3,4,1,121,13.5,61
"919696",61,2017,3,4,5,121,13.6,54
"919701",63,2017,3,1,1,121,19.9,77
"919711",63,2017,3,2,3,121,14.9,78
"919761",74,2017,3,1,1,121,14.5,74
"919765",74,2017,3,1,7,121,3.8,45
"919771",74,2017,3,2,6,121,6.6,50
"919772",74,2017,3,3,1,121,8.7,58
"919774",74,2017,3,2,2,121,7.7,61
"919775",74,2017,3,2,8,121,3.8,34
"919776",74,2017,3,3,2,121,13.6,64
"919778",74,2017,3,3,6,121,3.2,32
"919783",74,2017,3,4,4,121,14.7,71
"919784",74,2017,3,4,5,121,9.4,67
"919795",86,2017,3,1,7,121,2.62,15
"919797",86,2017,3,1,9,121,6.5,56
"919798",86,2017,3,1,10,121,5.68,38
"919805",86,2017,3,2,1,121,7.95,48
"919806",86,2017,3,2,10,121,8.95,50
"919808",86,2017,3,2,8,121,7.55,47
"919809",86,2017,3,2,9,121,9.32,50
"919810",86,2017,3,2,11,121,7.25,46
"919811",86,2017,3,2,12,121,8.15,49
"919812",86,2017,3,2,13,121,2.42,16
"919813",86,2017,3,2,14,121,2.92,18
"919814",86,2017,3,2,15,121,2.52,13
"919815",86,2017,3,2,16,121,5.41,43
"919816",86,2017,3,2,17,121,2.52,13
"919817",86,2017,3,2,18,121,6.75,46
"919818",86,2017,3,2,19,121,6.55,46
"919819",86,2017,3,2,20,121,6.65,45
"919820",86,2017,3,2,21,121,6.55,61
"919821",86,2017,3,2,22,121,2.02,10
"919824",86,2017,3,3,1,121,7.45,53
"919825",86,2017,3,3,2,121,7.25,51
"919826",86,2017,3,3,3,121,7.45,55
"919827",86,2017,3,3,4,121,7.35,53
"919828",86,2017,3,3,5,121,7.85,55
"919829",86,2017,3,3,6,121,7.95,54
"919830",86,2017,3,3,7,121,6.85,54
"919831",86,2017,3,3,8,121,5.48,38
"919832",86,2017,3,3,9,121,3.7,28
"919833",86,2017,3,3,11,121,7.25,52
"919834",86,2017,3,3,12,121,5.75,52
"919835",86,2017,3,3,13,121,6.55,52
"919836",86,2017,3,3,14,121,7.15,52
"919837",86,2017,3,3,15,121,5.68,45
"919838",86,2017,3,3,16,121,5.85,50
"919839",86,2017,3,3,17,121,6.45,52
"919840",86,2017,3,3,18,121,6.15,50
"919841",86,2017,3,3,19,121,6.45,50
"919842",86,2017,3,3,20,121,6.55,50
"919843",86,2017,3,4,4,121,8.85,48
"919844",86,2017,3,3,21,121,5.75,46
"919847",86,2017,3,4,5,121,7.15,49
"919848",86,2017,3,4,6,121,7.35,49
"919849",86,2017,3,4,7,121,7.15,50
"919850",86,2017,3,4,8,121,6.25,47
"919852",86,2017,3,4,10,121,4.75,42
"919853",86,2017,3,4,11,121,4.85,38
"919854",86,2017,3,4,12,121,2.62,15
"919855",86,2017,3,4,13,121,2.82,22
"919856",86,2017,3,4,14,121,3.02,22
"919857",86,2017,3,4,15,121,6.45,46
"919858",86,2017,3,4,16,121,3.02,24
"919859",86,2017,3,4,17,121,3.02,21
"919862",86,2017,3,4,20,121,6.95,50
"919863",86,2017,3,4,21,121,6.55,50
"919864",86,2017,3,4,22,121,6.25,52
"919865",86,2017,3,4,23,121,6.35,50
"919866",86,2017,3,4,24,121,5.68,47
"919867",86,2017,3,4,25,121,8.35,52
"920000",114,2017,3,2,4,121,8.1,63
"920042",147,2017,3,1,2,121,13.4,60
"920043",147,2017,3,1,3,121,8.5,58
"920044",147,2017,3,1,4,121,1.8,23
"920045",147,2017,3,1,5,121,2.1,28
"920047",147,2017,3,1,7,121,6,50
"920048",147,2017,3,2,2,121,10.2,68
"920051",147,2017,3,2,5,121,12.5,72
"920052",147,2017,3,2,6,121,9.4,69
"920059",147,2017,3,2,16,121,7.1,62
"920065",147,2017,3,3,1,121,10.6,60
"920066",147,2017,3,3,2,121,8.4,60
"920067",147,2017,3,3,3,121,11.3,71
"920068",147,2017,3,3,4,121,9.7,63
"920071",147,2017,3,4,2,121,9,70
"920072",147,2017,3,4,4,121,8,64
"920076",147,2017,3,4,8,121,8,61
"920078",147,2017,3,4,10,121,5.1,63
"920080",161,2017,3,2,5,121,7,40
"920081",161,2017,3,2,6,121,8.1,49
"920128",170,2017,3,3,10,121,8.9,55
"920138",170,2017,3,3,17,121,7.4,54
"944942",49,2018,3,3,6,121,2.59,22
"945024",94,2018,3,1,4,121,9.14,75
"945025",94,2018,3,1,1,121,6.44,60
"945026",94,2018,3,1,2,121,8.64,71
"945028",94,2018,3,1,6,121,11.14,83
"945029",94,2018,3,3,2,121,13.57,76
"945030",94,2018,3,3,5,121,9.4,76
"945031",94,2018,3,3,6,121,14.57,85
"945032",94,2018,3,3,7,121,9.96,78
"945033",94,2018,3,3,8,121,10.86,78
"945034",94,2018,3,3,9,121,9.32,70
"945035",94,2018,3,3,11,121,7.74,66
"945036",94,2018,3,3,14,121,5.84,57
"945112",125,2018,3,1,1,121,11,72
"945113",125,2018,3,1,2,121,11.9,71
"945116",125,2018,3,1,6,121,13.1,70
"945117",125,2018,3,3,1,121,11.9,81
"945118",125,2018,3,3,3,121,8.1,48
"945119",125,2018,3,3,7,121,14.2,81
"945120",125,2018,3,3,8,121,7,61
"945252",145,2018,3,1,19,121,6.45,62
"945256",145,2018,3,3,13,121,8.65,62
"945260",145,2018,3,4,15,121,7.25,60
"945264",145,2018,3,4,20,121,5.85,51
"945377",200,2018,3,1,2,121,15,81
"945378",200,2018,3,1,3,121,11,80
"945386",200,2018,3,2,1,121,9.6,89
"945388",200,2018,3,2,3,121,12.6,87
"945389",200,2018,3,2,4,121,12.3,76
"945393",200,2018,3,3,2,121,16,86
"945395",200,2018,3,3,5,121,15.9,87
"945396",200,2018,3,3,6,121,13.4,86
"945407",200,2018,3,4,2,121,12.4,75
"945409",200,2018,3,4,4,121,10.4,67
"945435",219,2018,3,1,1,121,12.2,54
"945436",219,2018,3,1,5,121,10.8,51
"945437",219,2018,3,1,2,121,8.8,53
"945438",219,2018,3,1,3,121,10.3,53
"945439",219,2018,3,1,4,121,8.4,55
"945440",219,2018,3,1,6,121,8.9,48
"945441",219,2018,3,1,7,121,8.7,54
"945442",219,2018,3,2,2,121,8.8,55
"945443",219,2018,3,2,3,121,9.4,58
"945444",219,2018,3,2,4,121,9.2,56
"945445",219,2018,3,2,5,121,9.4,58
"945446",219,2018,3,2,6,121,7.4,51
"945447",219,2018,3,2,7,121,11.5,50
"945448",219,2018,3,2,8,121,9.6,58
"945449",219,2018,3,2,9,121,9.2,53
"945450",219,2018,3,2,10,121,7.7,64
"945451",219,2018,3,2,11,121,6.8,53
"945452",219,2018,3,3,1,121,8,52
"945453",219,2018,3,3,2,121,7.7,49
"945454",219,2018,3,3,3,121,7.5,48
"945455",219,2018,3,3,4,121,7.4,46
"945476",222,2018,3,2,2,121,5.5,69
"969408",144,2019,3,1,21,121,6.4,43
"969409",144,2019,3,1,22,121,7.8,44
"969410",144,2019,3,1,23,121,6.1,42
"969411",144,2019,3,1,24,121,6.1,44
"969414",144,2019,3,1,27,121,6.5,43
"969415",144,2019,3,1,28,121,6,40
"969416",144,2019,3,1,29,121,5,43
"969417",144,2019,3,1,30,121,7.2,43
"969421",144,2019,3,2,29,121,8.8,45
"969422",144,2019,3,2,30,121,8.6,44
"969423",144,2019,3,2,31,121,7.1,42
"969428",144,2019,3,3,25,121,9,45
"969429",144,2019,3,4,27,121,7.1,43
"969430",144,2019,3,3,26,121,7.9,43
"969431",144,2019,3,3,27,121,7.1,39
"969432",144,2019,3,4,26,121,8.5,45
"969433",144,2019,3,4,28,121,8,44
"969434",144,2019,3,4,29,121,7.3,46
"969439",144,2019,3,4,34,121,7.1,46
"969477",178,2019,3,1,1,121,16.2,52
"969483",178,2019,3,2,1,121,10.4,57
"969485",178,2019,3,2,3,121,10.1,55
"969486",178,2019,3,2,4,121,11.5,56
"969488",178,2019,3,2,6,121,16.1,54
"969520",183,2019,3,4,3,121,9.67,63
"969818",206,2019,3,2,1,121,10.1,70
"969819",206,2019,3,2,2,121,15.8,85
"969820",206,2019,3,2,3,121,16.3,94
"969821",206,2019,3,2,4,121,15.1,84
"969869",207,2019,3,2,11,121,6.8,56
"969870",207,2019,3,2,12,121,5.7,41
"969887",207,2019,3,4,5,121,5.07,35
"969888",207,2019,3,4,6,121,5.43,37
"969959",217,2019,3,1,7,121,8.3,55
"969960",217,2019,3,1,8,121,7.9,52
"969961",217,2019,3,1,9,121,8.9,57
"969963",217,2019,3,1,11,121,6.8,54
"969964",217,2019,3,1,12,121,7.9,53
"969965",217,2019,3,1,13,121,6,44
"969966",217,2019,3,2,1,121,10,57
"969967",217,2019,3,2,2,121,9.9,61
"969968",217,2019,3,2,4,121,8.2,56
"969969",217,2019,3,2,6,121,8.9,66
"969970",217,2019,3,2,7,121,10.8,60
"969973",217,2019,3,2,15,121,4.7,32
"969977",217,2019,3,2,20,121,2.63,18
"969979",217,2019,3,2,21,121,8,55
"969980",217,2019,3,2,22,121,6.4,52
"969983",217,2019,3,3,5,121,9.8,61
"969988",217,2019,3,4,12,121,8,59
"969989",217,2019,3,4,13,121,8.9,55
"969990",217,2019,3,4,14,121,3,35
"969991",217,2019,3,4,16,121,3.3,28
"969992",217,2019,3,4,17,121,6.8,50
"969993",217,2019,3,4,18,121,7.1,53
"969994",217,2019,3,4,19,121,7.8,54
"969996",217,2019,3,4,21,121,5.2,47
"969997",217,2019,3,4,22,121,6.1,60
"993846",4,2020,3,2,1,121,12.8,73
"993871",13,2020,3,4,2,121,11.9,84
"993872",13,2020,3,4,4,121,8.3,68
"993938",24,2020,3,2,10,121,2.7,38
"994056",47,2020,3,2,1,121,14.9,75
"994063",47,2020,3,3,1,121,6.2,48
"994473",151,2020,3,3,22,121,5.6,41
"994490",159,2020,3,2,8,121,3.5,32
"994542",167,2020,3,1,7,121,3.05,28
"994543",167,2020,3,1,8,121,9.1,67
"994564",167,2020,3,4,4,121,13.5,77
"994566",167,2020,3,4,2,121,8.3,48
"994567",167,2020,3,4,3,121,11.4,71
"1018308",11,2021,3,4,21,121,2.6,17
"1018309",17,2021,3,1,3,121,9.49,75
"1018310",17,2021,3,2,5,121,10.55,75
"1018311",17,2021,3,2,12,121,6.42,51
"1018312",17,2021,3,2,13,121,5.82,54
"1018313",17,2021,3,3,7,121,7.82,63
"1018314",17,2021,3,3,8,121,8.62,62
"1018315",22,2021,3,3,1,121,7.7,30
"1018522",111,2021,3,1,2,121,11,74
"1018538",111,2021,3,4,2,121,16,83
"1018539",111,2021,3,4,5,121,11.7,79
"1018543",118,2021,3,1,2,121,9.9,60
"1018544",118,2021,3,1,4,121,8,64
"1018545",118,2021,3,1,5,121,7.9,51
"1018546",118,2021,3,1,6,121,8.4,55
"1018547",118,2021,3,1,7,121,5.9,50
"1018548",118,2021,3,1,8,121,7.5,55
"1018549",118,2021,3,1,9,121,5.2,50
"1018550",118,2021,3,1,10,121,7.5,56
"1018551",118,2021,3,1,11,121,5.6,44
"1018552",118,2021,3,2,1,121,11.9,62
"1018553",118,2021,3,2,5,121,7.6,60
"1018554",118,2021,3,2,6,121,6.8,55
"1018555",118,2021,3,2,7,121,7,59
"1018556",118,2021,3,2,8,121,6.7,59
"1018557",118,2021,3,2,9,121,8.1,61
"1018558",118,2021,3,2,10,121,7.9,63
"1018559",118,2021,3,2,11,121,7.1,61
"1018560",118,2021,3,2,12,121,7.5,62
"1018561",118,2021,3,2,13,121,5.1,47
"1018562",118,2021,3,2,14,121,5,53
"1018563",118,2021,3,2,15,121,6.2,58
"1018564",118,2021,3,2,16,121,6,55
"1018565",118,2021,3,3,2,121,7.6,8
"1018566",118,2021,3,3,3,121,10.2,61
"1018567",118,2021,3,3,4,121,10.3,64
"1018568",118,2021,3,3,5,121,6.2,52
"1018569",118,2021,3,3,6,121,5.2,40
"1018570",118,2021,3,3,7,121,5.1,47
"1018571",118,2021,3,4,3,121,3.3,31
"1018572",118,2021,3,4,4,121,7.6,58
"1018573",118,2021,3,4,5,121,7.7,56
"1018574",118,2021,3,4,6,121,7.8,58
"1018575",118,2021,3,4,7,121,8.2,58
"1018576",118,2021,3,4,8,121,6.5,54
"1018577",118,2021,3,4,9,121,6.1,57
"1018578",118,2021,3,4,10,121,5.8,60
"1018579",118,2021,3,4,11,121,6.4,60
"1042065",36,2022,3,4,1,121,13.9,61
"1042208",68,2022,3,3,17,121,5.3,50
"1042227",68,2022,3,3,7,121,3.9,36
"1042228",68,2022,3,3,9,121,3.8,38
"1042301",80,2022,3,1,3,121,5.7,35
"1042400",128,2022,3,4,1,121,9.5,53
"1042401",128,2022,3,4,2,121,2.24,23
"1042402",128,2022,3,4,6,121,10,52
"1042404",128,2022,3,4,4,121,3.03,29
"1042405",128,2022,3,4,5,121,4,36
"1042453",142,2022,3,4,1,121,14.6,77
"1042454",142,2022,3,4,2,121,14.4,86
"1042455",142,2022,3,4,3,121,14.2,93
"1042456",142,2022,3,4,4,121,16.1,100
"1042457",142,2022,3,4,6,121,16.4,84
"1042578",164,2022,3,1,3,121,10.1,59
"1042579",164,2022,3,1,4,121,6.2,46
"1042580",164,2022,3,1,5,121,7.9,70
"1042581",164,2022,3,1,6,121,6.4,63
"1042582",164,2022,3,1,7,121,6.5,56
"1042583",164,2022,3,2,5,121,9.1,70
"1042584",164,2022,3,1,2,121,9.3,57
"1042585",164,2022,3,1,8,121,7.8,64
"1042586",164,2022,3,1,9,121,5.5,43
"1042588",164,2022,3,2,4,121,9.7,75
"1042589",164,2022,3,2,6,121,9.5,67
"1042590",164,2022,3,2,7,121,8,69
"1042591",164,2022,3,2,8,121,5.8,44
"1042592",164,2022,3,2,9,121,8,71
"1042593",164,2022,3,2,10,121,9,72
"1042594",164,2022,3,2,11,121,6.8,63
"1042595",164,2022,3,2,12,121,7,66
"1042596",164,2022,3,2,13,121,9.5,68
"1042597",164,2022,3,2,14,121,5.1,57
"1042598",164,2022,3,3,1,121,8,39
"1042599",164,2022,3,3,2,121,16.7,83
"1042600",164,2022,3,3,3,121,14.9,77
"1042603",164,2022,3,4,1,121,15.4,78
"1042604",164,2022,3,4,2,121,11.7,81
"1042605",164,2022,3,4,3,121,16.1,83
"1042606",164,2022,3,4,4,121,3.9,42
